Hugo Symbol	Entrez Gene ID	GRCh37 Isoform	GRCh37 RefSeq	GRCh38 Isoform	GRCh38 RefSeq	# of occurrence within resources (Column D-J)	OncoKB Annotated	Is Oncogene	Is Tumor Suppressor Gene	MSK-IMPACT	MSK-HEME	FOUNDATION ONE	FOUNDATION ONE HEME	Vogelstein	SANGER CGC(05/30/2017)
ABL1	25	ENST00000318560	NM_005157.4	ENST00000318560	NM_005157.4	7	Yes	Yes	No	Yes	Yes	Yes	Yes	Yes	Yes
AKT1	207	ENST00000349310	NM_001014431.1	ENST00000349310	NM_001014431.1	7	Yes	Yes	No	Yes	Yes	Yes	Yes	Yes	Yes
ALK	238	ENST00000389048	NM_004304.4	ENST00000389048	NM_004304.4	7	Yes	Yes	No	Yes	Yes	Yes	Yes	Yes	Yes
AMER1	139285	ENST00000330258	NM_152424.3	ENST00000374869	NM_152424.3	7	Yes	No	Yes	Yes	Yes	Yes	Yes	Yes	Yes
APC	324	ENST00000257430	NM_000038.5	ENST00000257430	NM_000038.5	7	Yes	No	Yes	Yes	Yes	Yes	Yes	Yes	Yes
AR	367	ENST00000374690	NM_000044.3	ENST00000374690	NM_000044.3	7	Yes	Yes	No	Yes	Yes	Yes	Yes	Yes	Yes
ARID1A	8289	ENST00000324856	NM_006015.4	ENST00000324856	NM_006015.4	7	Yes	No	Yes	Yes	Yes	Yes	Yes	Yes	Yes
ASXL1	171023	ENST00000375687	NM_015338.5	ENST00000375687	NM_015338.5	7	Yes	No	Yes	Yes	Yes	Yes	Yes	Yes	Yes
ATM	472	ENST00000278616	NM_000051.3	ENST00000278616	NM_000051.3	7	Yes	No	Yes	Yes	Yes	Yes	Yes	Yes	Yes
ATRX	546	ENST00000373344	NM_000489.3	ENST00000373344	NM_000489.3	7	Yes	No	Yes	Yes	Yes	Yes	Yes	Yes	Yes
AXIN1	8312	ENST00000262320	NM_003502.3	ENST00000262320	NM_003502.3	7	Yes	No	Yes	Yes	Yes	Yes	Yes	Yes	Yes
BAP1	8314	ENST00000460680	NM_004656.3	ENST00000460680	NM_004656.3	7	Yes	No	Yes	Yes	Yes	Yes	Yes	Yes	Yes
BCL2	596	ENST00000333681	NM_000633.2	ENST00000333681	NM_000633.2	7	Yes	Yes	No	Yes	Yes	Yes	Yes	Yes	Yes
BCOR	54880	ENST00000378444	NM_001123385.1	ENST00000378444	NM_001123385.1	7	Yes	No	Yes	Yes	Yes	Yes	Yes	Yes	Yes
BRAF	673	ENST00000288602	NM_004333.4	ENST00000646891	NM_004333.4	7	Yes	Yes	No	Yes	Yes	Yes	Yes	Yes	Yes
BRCA1	672	ENST00000357654	NM_007294.3	ENST00000357654	NM_007294.3	7	Yes	No	Yes	Yes	Yes	Yes	Yes	Yes	Yes
BRCA2	675	ENST00000380152	NM_000059.3	ENST00000380152	NM_000059.3	7	Yes	No	Yes	Yes	Yes	Yes	Yes	Yes	Yes
CARD11	84433	ENST00000396946	NM_032415.4	ENST00000396946	NM_032415.4	7	Yes	Yes	No	Yes	Yes	Yes	Yes	Yes	Yes
CBL	867	ENST00000264033	NM_005188.3	ENST00000264033	NM_005188.3	7	Yes	No	Yes	Yes	Yes	Yes	Yes	Yes	Yes
CDC73	79577	ENST00000367435	NM_024529.4	ENST00000367435	NM_024529.4	7	Yes	No	Yes	Yes	Yes	Yes	Yes	Yes	Yes
CDH1	999	ENST00000261769	NM_004360.3	ENST00000261769	NM_004360.3	7	Yes	No	Yes	Yes	Yes	Yes	Yes	Yes	Yes
CDKN2A	1029	ENST00000304494	NM_000077.4	ENST00000304494	NM_000077.4	7	Yes	No	Yes	Yes	Yes	Yes	Yes	Yes	Yes
CEBPA	1050	ENST00000498907	NM_004364.3	ENST00000498907	NM_004364.3	7	Yes	No	Yes	Yes	Yes	Yes	Yes	Yes	Yes
CIC	23152	ENST00000575354	NM_015125.3	ENST00000575354	NM_015125.3	7	Yes	No	Yes	Yes	Yes	Yes	Yes	Yes	Yes
CREBBP	1387	ENST00000262367	NM_004380.2	ENST00000262367	NM_004380.2	7	Yes	No	Yes	Yes	Yes	Yes	Yes	Yes	Yes
CTNNB1	1499	ENST00000349496	NM_001904.3	ENST00000349496	NM_001904.3	7	Yes	Yes	No	Yes	Yes	Yes	Yes	Yes	Yes
DAXX	1616	ENST00000374542	NM_001141970.1	ENST00000266000	NM_001141970.1	7	Yes	No	Yes	Yes	Yes	Yes	Yes	Yes	Yes
DNMT3A	1788	ENST00000264709	NM_022552.4	ENST00000264709	NM_022552.4	7	Yes	No	Yes	Yes	Yes	Yes	Yes	Yes	Yes
EGFR	1956	ENST00000275493	NM_005228.3	ENST00000275493	NM_005228.3	7	Yes	Yes	No	Yes	Yes	Yes	Yes	Yes	Yes
EP300	2033	ENST00000263253	NM_001429.3	ENST00000263253	NM_001429.3	7	Yes	No	Yes	Yes	Yes	Yes	Yes	Yes	Yes
ERBB2	2064	ENST00000269571	NM_004448.2	ENST00000269571	NM_004448.2	7	Yes	Yes	No	Yes	Yes	Yes	Yes	Yes	Yes
EZH2	2146	ENST00000320356	NM_004456.4	ENST00000320356	NM_004456.4	7	Yes	Yes	Yes	Yes	Yes	Yes	Yes	Yes	Yes
FBXW7	55294	ENST00000281708	NM_033632.3	ENST00000281708	NM_033632.3	7	Yes	No	Yes	Yes	Yes	Yes	Yes	Yes	Yes
FGFR2	2263	ENST00000358487	NM_000141.4	ENST00000358487	NM_000141.4	7	Yes	Yes	No	Yes	Yes	Yes	Yes	Yes	Yes
FGFR3	2261	ENST00000260795	NM_000142.4	ENST00000440486	NM_000142.4	7	Yes	Yes	No	Yes	Yes	Yes	Yes	Yes	Yes
FLT3	2322	ENST00000241453	NM_004119.2	ENST00000241453	NM_004119.2	7	Yes	Yes	No	Yes	Yes	Yes	Yes	Yes	Yes
FOXL2	668	ENST00000330315	NM_023067.3	ENST00000648323	NM_023067.3	7	Yes	Yes	Yes	Yes	Yes	Yes	Yes	Yes	Yes
GATA3	2625	ENST00000346208	NM_002051.2	ENST00000346208	NM_002051.2	7	Yes	Yes	Yes	Yes	Yes	Yes	Yes	Yes	Yes
GNA11	2767	ENST00000078429	NM_002067.2	ENST00000078429	NM_002067.2	7	Yes	Yes	No	Yes	Yes	Yes	Yes	Yes	Yes
GNAQ	2776	ENST00000286548	NM_002072.3	ENST00000286548	NM_002072.3	7	Yes	Yes	No	Yes	Yes	Yes	Yes	Yes	Yes
GNAS	2778	ENST00000371085	NM_000516.4	ENST00000371085	NM_000516.4	7	Yes	Yes	No	Yes	Yes	Yes	Yes	Yes	Yes
HNF1A	6927	ENST00000257555	NM_000545.5	ENST00000257555	NM_000545.5	7	Yes	No	Yes	Yes	Yes	Yes	Yes	Yes	Yes
HRAS	3265	ENST00000451590	NM_005343.2	ENST00000451590	NM_005343.2	7	Yes	Yes	No	Yes	Yes	Yes	Yes	Yes	Yes
IDH1	3417	ENST00000345146	NM_005896.2	ENST00000345146	NM_005896.2	7	Yes	Yes	No	Yes	Yes	Yes	Yes	Yes	Yes
IDH2	3418	ENST00000330062	NM_002168.2	ENST00000330062	NM_002168.2	7	Yes	Yes	No	Yes	Yes	Yes	Yes	Yes	Yes
JAK1	3716	ENST00000342505	NM_002227.2	ENST00000342505	NM_002227.2	7	Yes	Yes	Yes	Yes	Yes	Yes	Yes	Yes	Yes
JAK2	3717	ENST00000381652	NM_004972.3	ENST00000381652	NM_004972.3	7	Yes	Yes	No	Yes	Yes	Yes	Yes	Yes	Yes
JAK3	3718	ENST00000458235	NM_000215.3	ENST00000458235	NM_000215.3	7	Yes	Yes	No	Yes	Yes	Yes	Yes	Yes	Yes
KDM5C	8242	ENST00000375401	NM_004187.3	ENST00000375401	NM_004187.3	7	Yes	No	Yes	Yes	Yes	Yes	Yes	Yes	Yes
KDM6A	7403	ENST00000377967	NM_021140.2	ENST00000377967	NM_021140.2	7	Yes	No	Yes	Yes	Yes	Yes	Yes	Yes	Yes
KIT	3815	ENST00000288135	NM_000222.2	ENST00000288135	NM_000222.2	7	Yes	Yes	No	Yes	Yes	Yes	Yes	Yes	Yes
KMT2D	8085	ENST00000301067	NM_003482.3	ENST00000301067	NM_003482.3	7	Yes	No	Yes	Yes	Yes	Yes	Yes	Yes	Yes
KRAS	3845	ENST00000311936	NM_004985.3	ENST00000311936	NM_004985.3	7	Yes	Yes	No	Yes	Yes	Yes	Yes	Yes	Yes
MAP2K1	5604	ENST00000307102	NM_002755.3	ENST00000307102	NM_002755.3	7	Yes	Yes	No	Yes	Yes	Yes	Yes	Yes	Yes
MAP3K1	4214	ENST00000399503	NM_005921.1	ENST00000399503	NM_005921.1	7	Yes	No	Yes	Yes	Yes	Yes	Yes	Yes	Yes
MED12	9968	ENST00000374080	NM_005120.2	ENST00000374080	NM_005120.2	7	Yes	Yes	Yes	Yes	Yes	Yes	Yes	Yes	Yes
MEN1	4221	ENST00000312049	NM_130799.2	ENST00000312049	NM_130799.2	7	Yes	No	Yes	Yes	Yes	Yes	Yes	Yes	Yes
MET	4233	ENST00000397752	NM_000245.2	ENST00000397752	NM_000245.2	7	Yes	Yes	No	Yes	Yes	Yes	Yes	Yes	Yes
MLH1	4292	ENST00000231790	NM_000249.3	ENST00000231790	NM_000249.3	7	Yes	No	Yes	Yes	Yes	Yes	Yes	Yes	Yes
MPL	4352	ENST00000372470	NM_005373.2	ENST00000372470	NM_005373.2	7	Yes	Yes	No	Yes	Yes	Yes	Yes	Yes	Yes
MSH2	4436	ENST00000233146	NM_000251.2	ENST00000233146	NM_000251.2	7	Yes	No	Yes	Yes	Yes	Yes	Yes	Yes	Yes
MSH6	2956	ENST00000234420	NM_000179.2	ENST00000234420	NM_000179.2	7	Yes	No	Yes	Yes	Yes	Yes	Yes	Yes	Yes
MYD88	4615	ENST00000396334	NM_002468.4	ENST00000396334	NM_002468.4	7	Yes	Yes	No	Yes	Yes	Yes	Yes	Yes	Yes
NF1	4763	ENST00000356175	NM_000267.3	ENST00000356175	NM_000267.3	7	Yes	No	Yes	Yes	Yes	Yes	Yes	Yes	Yes
NF2	4771	ENST00000338641	NM_000268.3	ENST00000338641	NM_000268.3	7	Yes	No	Yes	Yes	Yes	Yes	Yes	Yes	Yes
NFE2L2	4780	ENST00000397062	NM_006164.4	ENST00000397062	NM_006164.4	7	Yes	Yes	No	Yes	Yes	Yes	Yes	Yes	Yes
NOTCH1	4851	ENST00000277541	NM_017617.3	ENST00000651671	NM_017617.3	7	Yes	Yes	Yes	Yes	Yes	Yes	Yes	Yes	Yes
NOTCH2	4853	ENST00000256646	NM_024408.3	ENST00000256646	NM_024408.3	7	Yes	Yes	Yes	Yes	Yes	Yes	Yes	Yes	Yes
NPM1	4869	ENST00000296930	NM_002520.6	ENST00000296930	NM_002520.6	7	Yes	No	Yes	Yes	Yes	Yes	Yes	Yes	Yes
NRAS	4893	ENST00000369535	NM_002524.4	ENST00000369535	NM_002524.4	7	Yes	Yes	No	Yes	Yes	Yes	Yes	Yes	Yes
PAX5	5079	ENST00000358127	NM_016734.2	ENST00000358127	NM_016734.2	7	Yes	No	Yes	Yes	Yes	Yes	Yes	Yes	Yes
PBRM1	55193	ENST00000394830	NM_018313.4	ENST00000394830	NM_018313.4	7	Yes	No	Yes	Yes	Yes	Yes	Yes	Yes	Yes
PDGFRA	5156	ENST00000257290	NM_006206.4	ENST00000257290	NM_006206.4	7	Yes	Yes	No	Yes	Yes	Yes	Yes	Yes	Yes
PIK3CA	5290	ENST00000263967	NM_006218.2	ENST00000263967	NM_006218.2	7	Yes	Yes	No	Yes	Yes	Yes	Yes	Yes	Yes
PIK3R1	5295	ENST00000274335	NM_181523.2	ENST00000521381	NM_181523.2	7	Yes	No	Yes	Yes	Yes	Yes	Yes	Yes	Yes
PPP2R1A	5518	ENST00000322088	NM_014225.5	ENST00000322088	NM_014225.5	7	Yes	No	Yes	Yes	Yes	Yes	Yes	Yes	Yes
PRDM1	639	ENST00000369096	NM_001198.3	ENST00000369096	NM_001198.3	7	Yes	No	Yes	Yes	Yes	Yes	Yes	Yes	Yes
PTCH1	5727	ENST00000331920	NM_000264.3	ENST00000331920	NM_000264.3	7	Yes	No	Yes	Yes	Yes	Yes	Yes	Yes	Yes
PTEN	5728	ENST00000371953	NM_000314.4	ENST00000371953	NM_000314.4	7	Yes	No	Yes	Yes	Yes	Yes	Yes	Yes	Yes
PTPN11	5781	ENST00000351677	NM_002834.3	ENST00000351677	NM_002834.3	7	Yes	Yes	No	Yes	Yes	Yes	Yes	Yes	Yes
RB1	5925	ENST00000267163	NM_000321.2	ENST00000267163	NM_000321.2	7	Yes	No	Yes	Yes	Yes	Yes	Yes	Yes	Yes
RET	5979	ENST00000355710	NM_020975.4	ENST00000355710	NM_020975.4	7	Yes	Yes	No	Yes	Yes	Yes	Yes	Yes	Yes
RNF43	54894	ENST00000407977	NM_017763.4	ENST00000407977	NM_017763.4	7	Yes	No	Yes	Yes	Yes	Yes	Yes	Yes	Yes
SETD2	29072	ENST00000409792	NM_014159.6	ENST00000409792	NM_014159.6	7	Yes	No	Yes	Yes	Yes	Yes	Yes	Yes	Yes
SF3B1	23451	ENST00000335508	NM_012433.2	ENST00000335508	NM_012433.2	7	Yes	Yes	No	Yes	Yes	Yes	Yes	Yes	Yes
SMAD2	4087	ENST00000262160	NM_001003652.3	ENST00000262160	NM_001003652.3	7	Yes	No	Yes	Yes	Yes	Yes	Yes	Yes	Yes
SMAD4	4089	ENST00000342988	NM_005359.5	ENST00000342988	NM_005359.5	7	Yes	No	Yes	Yes	Yes	Yes	Yes	Yes	Yes
SMARCA4	6597	ENST00000358026	NM_001128849.1	ENST00000646693	NM_001128849.1	7	Yes	No	Yes	Yes	Yes	Yes	Yes	Yes	Yes
SMARCB1	6598	ENST00000263121	NM_003073.3	ENST00000618915	NM_003073.3	7	Yes	No	Yes	Yes	Yes	Yes	Yes	Yes	Yes
SMO	6608	ENST00000249373	NM_005631.4	ENST00000249373	NM_005631.4	7	Yes	Yes	No	Yes	Yes	Yes	Yes	Yes	Yes
SOCS1	8651	ENST00000332029	NM_003745.1	ENST00000332029	NM_003745.1	7	Yes	No	Yes	Yes	Yes	Yes	Yes	Yes	Yes
SPOP	8405	ENST00000347630	NM_001007228.1	ENST00000347630	NM_001007228.1	7	Yes	No	Yes	Yes	Yes	Yes	Yes	Yes	Yes
STAG2	10735	ENST00000218089	NM_001042749.1	ENST00000218089	NM_001042749.1	7	Yes	No	Yes	Yes	Yes	Yes	Yes	Yes	Yes
STK11	6794	ENST00000326873	NM_000455.4	ENST00000326873	NM_000455.4	7	Yes	No	Yes	Yes	Yes	Yes	Yes	Yes	Yes
TET2	54790	ENST00000380013	NM_001127208.2	ENST00000380013	NM_001127208.2	7	Yes	No	Yes	Yes	Yes	Yes	Yes	Yes	Yes
TNFAIP3	7128	ENST00000237289	NM_006290.3	ENST00000237289	NM_006290.3	7	Yes	No	Yes	Yes	Yes	Yes	Yes	Yes	Yes
TP53	7157	ENST00000269305	NM_000546.5	ENST00000269305	NM_000546.5	7	Yes	No	Yes	Yes	Yes	Yes	Yes	Yes	Yes
TSC1	7248	ENST00000298552	NM_000368.4	ENST00000298552	NM_000368.4	7	Yes	No	Yes	Yes	Yes	Yes	Yes	Yes	Yes
U2AF1	7307	ENST00000291552	NM_006758.2	ENST00000291552	NM_006758.2	7	Yes	Yes	No	Yes	Yes	Yes	Yes	Yes	Yes
VHL	7428	ENST00000256474	NM_000551.3	ENST00000256474	NM_000551.3	7	Yes	No	Yes	Yes	Yes	Yes	Yes	Yes	Yes
WT1	7490	ENST00000332351	NM_024426.4	ENST00000452863	NM_024426.4	7	Yes	Yes	Yes	Yes	Yes	Yes	Yes	Yes	Yes
AKT2	208	ENST00000392038	NM_001626.4	ENST00000392038	NM_001626.4	6	Yes	Yes	No	Yes	Yes	Yes	Yes	No	Yes
ARID2	196528	ENST00000334344	NM_152641.2	ENST00000334344	NM_152641.2	6	Yes	No	Yes	Yes	Yes	No	Yes	Yes	Yes
ATR	545	ENST00000350721	NM_001184.3	ENST00000350721	NM_001184.3	6	Yes	No	Yes	Yes	Yes	Yes	Yes	No	Yes
B2M	567	ENST00000558401	NM_004048.2	ENST00000559916	NM_004048.2	6	Yes	No	Yes	Yes	Yes	No	Yes	Yes	Yes
BARD1	580	ENST00000260947	NM_000465.2	ENST00000260947	NM_000465.2	6	Yes	No	Yes	Yes	Yes	Yes	Yes	No	Yes
BCL6	604	ENST00000232014	NM_001706.4	ENST00000232014	NM_001706.4	6	Yes	Yes	No	Yes	Yes	Yes	Yes	No	Yes
BRD4	23476	ENST00000263377	NM_058243.2	ENST00000263377	NM_058243.2	6	Yes	Yes	No	Yes	Yes	Yes	Yes	No	Yes
BRIP1	83990	ENST00000259008	NM_032043.2	ENST00000259008	NM_032043.2	6	Yes	No	Yes	Yes	Yes	Yes	Yes	No	Yes
BTK	695	ENST00000308731	NM_000061.2	ENST00000308731	NM_000061.2	6	Yes	Yes	No	Yes	Yes	Yes	Yes	No	Yes
CALR	811	ENST00000316448	NM_004343.3	ENST00000316448	NM_004343.3	6	Yes	Yes	No	Yes	Yes	Yes	Yes	No	Yes
CASP8	841	ENST00000358485	NM_001080125.1	ENST00000358485	NM_001080125.1	6	Yes	No	Yes	Yes	Yes	Yes	No	Yes	Yes
CBFB	865	ENST00000412916	NM_022845.2	ENST00000412916	NM_022845.2	6	Yes	No	Yes	Yes	Yes	Yes	Yes	No	Yes
CCND1	595	ENST00000227507	NM_053056.2	ENST00000227507	NM_053056.2	6	Yes	Yes	No	Yes	Yes	Yes	Yes	No	Yes
CCND2	894	ENST00000261254	NM_001759.3	ENST00000261254	NM_001759.3	6	Yes	Yes	No	Yes	Yes	Yes	Yes	No	Yes
CCND3	896	ENST00000372991	NM_001760.3	ENST00000372991	NM_001760.3	6	Yes	Yes	No	Yes	Yes	Yes	Yes	No	Yes
CCNE1	898	ENST00000262643	NM_001238.2	ENST00000262643	NM_001238.2	6	Yes	Yes	No	Yes	Yes	Yes	Yes	No	Yes
CD274	29126	ENST00000381577	NM_014143.3	ENST00000381577	NM_014143.3	6	Yes	Yes	No	Yes	Yes	Yes	Yes	No	Yes
CD79A	973	ENST00000221972	NM_001783.3	ENST00000221972	NM_001783.3	6	Yes	Yes	No	Yes	Yes	Yes	Yes	No	Yes
CD79B	974	ENST00000392795	NM_001039933.1	ENST00000392795	NM_001039933.1	6	Yes	Yes	No	Yes	Yes	Yes	Yes	No	Yes
CDK12	51755	ENST00000447079	NM_016507.2	ENST00000447079	NM_016507.2	6	Yes	No	Yes	Yes	Yes	Yes	Yes	No	Yes
CDK4	1019	ENST00000257904	NM_000075.3	ENST00000257904	NM_000075.3	6	Yes	Yes	No	Yes	Yes	Yes	Yes	No	Yes
CDK6	1021	ENST00000265734	NM_001145306.1	ENST00000265734	NM_001145306.1	6	Yes	Yes	No	Yes	Yes	Yes	Yes	No	Yes
CDKN1B	1027	ENST00000228872	NM_004064.3	ENST00000228872	NM_004064.3	6	Yes	No	Yes	Yes	Yes	Yes	Yes	No	Yes
CDKN2C	1031	ENST00000262662	NM_078626.2	ENST00000262662	NM_078626.2	6	Yes	No	Yes	Yes	Yes	Yes	Yes	No	Yes
CHEK2	11200	ENST00000328354	NM_007194.3	ENST00000404276	NM_007194.3	6	Yes	No	Yes	Yes	Yes	Yes	Yes	No	Yes
CRLF2	64109	ENST00000381566	NM_022148.2	ENST00000381566	NM_022148.2	6	Yes	Yes	No	Yes	Yes	No	Yes	Yes	Yes
CSF1R	1436	ENST00000286301	NM_005211.3	ENST00000286301	NM_005211.3	6	Yes	No	No	Yes	Yes	Yes	Yes	Yes	No
CSF3R	1441	ENST00000361632	NM_000760.3	ENST00000361632	NM_000760.3	6	Yes	Yes	No	Yes	Yes	Yes	Yes	No	Yes
CTCF	10664	ENST00000264010	NM_006565.3	ENST00000264010	NM_006565.3	6	Yes	No	Yes	Yes	Yes	Yes	Yes	No	Yes
CXCR4	7852	ENST00000241393	NM_003467.2	ENST00000241393	NM_003467.2	6	Yes	Yes	No	Yes	Yes	Yes	Yes	No	Yes
DDR2	4921	ENST00000367921	NM_006182.2	ENST00000367921	NM_006182.2	6	Yes	Yes	No	Yes	Yes	Yes	Yes	No	Yes
ERBB3	2065	ENST00000267101	NM_001982.3	ENST00000267101	NM_001982.3	6	Yes	Yes	No	Yes	Yes	Yes	Yes	No	Yes
ERBB4	2066	ENST00000342788	NM_005235.2	ENST00000342788	NM_005235.2	6	Yes	Yes	No	Yes	Yes	Yes	Yes	No	Yes
ERG	2078	ENST00000288319	NM_182918.3	ENST00000288319	NM_182918.3	6	Yes	Yes	No	Yes	Yes	Yes	Yes	No	Yes
ESR1	2099	ENST00000206249	NM_001122740.1	ENST00000206249	NM_001122740.1	6	Yes	Yes	No	Yes	Yes	Yes	Yes	No	Yes
ETV6	2120	ENST00000396373	NM_001987.4	ENST00000396373	NM_001987.4	6	Yes	No	Yes	Yes	Yes	Yes	Yes	No	Yes
FANCA	2175	ENST00000389301	NM_000135.2	ENST00000389301	NM_000135.2	6	Yes	No	Yes	Yes	Yes	Yes	Yes	No	Yes
FANCC	2176	ENST00000289081	NM_000136.2	ENST00000289081	NM_000136.2	6	Yes	No	Yes	Yes	Yes	Yes	Yes	No	Yes
FGFR1	2260	ENST00000425967	NM_001174067.1	ENST00000425967	NM_001174067.1	6	Yes	Yes	No	Yes	Yes	Yes	Yes	No	Yes
FGFR4	2264	ENST00000292408	NM_213647.1	ENST00000292408	NM_213647.1	6	Yes	Yes	No	Yes	Yes	Yes	Yes	No	Yes
FLCN	201163	ENST00000285071	NM_144997.5	ENST00000285071	NM_144997.5	6	Yes	No	Yes	Yes	Yes	Yes	Yes	No	Yes
FUBP1	8880	ENST00000370768	NM_003902.3	ENST00000370768	NM_003902.3	6	Yes	No	Yes	Yes	Yes	Yes	No	Yes	Yes
GATA1	2623	ENST00000376670	NM_002049.3	ENST00000376670	NM_002049.3	6	Yes	No	No	Yes	Yes	No	Yes	Yes	Yes
GATA2	2624	ENST00000341105	NM_032638.4	ENST00000341105	NM_032638.4	6	Yes	Yes	No	Yes	Yes	No	Yes	Yes	Yes
H3-3A	3020	ENST00000366813	NM_002107.4	ENST00000366815	NM_002107.4	6	Yes	Yes	No	Yes	Yes	Yes	No	Yes	Yes
H3C2	8358	ENST00000244661	NM_003537.3	ENST00000621411	NM_003537.3	6	Yes	No	No	Yes	Yes	No	Yes	Yes	Yes
IKZF1	10320	ENST00000331340	NM_006060.4	ENST00000331340	NM_006060.4	6	Yes	No	No	Yes	Yes	Yes	Yes	No	Yes
IRF4	3662	ENST00000380956	NM_002460.3	ENST00000380956	NM_002460.3	6	Yes	Yes	No	Yes	Yes	Yes	Yes	No	Yes
JUN	3725	ENST00000371222	NM_002228.3	ENST00000371222	NM_002228.3	6	Yes	Yes	No	Yes	Yes	Yes	Yes	No	Yes
KDM5A	5927	ENST00000399788	NM_001042603.1	ENST00000399788	NM_001042603.1	6	Yes	Yes	No	Yes	Yes	Yes	Yes	No	Yes
KDR	3791	ENST00000263923	NM_002253.2	ENST00000263923	NM_002253.2	6	Yes	Yes	No	Yes	Yes	Yes	Yes	No	Yes
KEAP1	9817	ENST00000171111	NM_203500.1	ENST00000171111	NM_203500.1	6	Yes	No	Yes	Yes	Yes	Yes	Yes	No	Yes
KMT2A	4297	ENST00000534358	NM_001197104.1	ENST00000534358	NM_001197104.1	6	Yes	No	Yes	Yes	Yes	Yes	Yes	No	Yes
KMT2C	58508	ENST00000262189	NM_170606.2	ENST00000262189	NM_170606.2	6	Yes	No	Yes	Yes	Yes	No	Yes	Yes	Yes
MAP2K2	5605	ENST00000262948	NM_030662.3	ENST00000262948	NM_030662.3	6	Yes	Yes	No	Yes	Yes	Yes	Yes	No	Yes
MAP2K4	6416	ENST00000353533	NM_003010.3	ENST00000353533	NM_003010.3	6	Yes	No	Yes	Yes	Yes	Yes	Yes	No	Yes
MAPK1	5594	ENST00000215832	NM_002745.4	ENST00000215832	NM_002745.4	6	Yes	Yes	No	Yes	Yes	Yes	Yes	No	Yes
MDM2	4193	ENST00000462284	NM_002392.5	ENST00000258149	NM_002392.5	6	Yes	Yes	No	Yes	Yes	Yes	Yes	No	Yes
MDM4	4194	ENST00000367182	NM_002393.4	ENST00000367182	NM_002393.4	6	Yes	Yes	No	Yes	Yes	Yes	Yes	No	Yes
MITF	4286	ENST00000394351	NM_000248.3	ENST00000394351	NM_000248.3	6	Yes	Yes	Yes	Yes	Yes	Yes	Yes	No	Yes
MTOR	2475	ENST00000361445	NM_004958.3	ENST00000361445	NM_004958.3	6	Yes	Yes	No	Yes	Yes	Yes	Yes	No	Yes
MUTYH	4595	ENST00000372115	NM_001048171.1	ENST00000372115	NM_001048171.1	6	Yes	No	Yes	Yes	Yes	Yes	Yes	No	Yes
MYC	4609	ENST00000377970	NM_002467.4	ENST00000621592	NM_002467.4	6	Yes	Yes	No	Yes	Yes	Yes	Yes	No	Yes
MYCL	4610	ENST00000397332	NM_001033082.2	ENST00000397332	NM_001033082.2	6	Yes	Yes	No	Yes	Yes	Yes	Yes	No	Yes
MYCN	4613	ENST00000281043	NM_005378.4	ENST00000281043	NM_005378.4	6	Yes	Yes	No	Yes	Yes	Yes	Yes	No	Yes
NKX2-1	7080	ENST00000354822	NM_001079668.2	ENST00000354822	NM_001079668.2	6	Yes	Yes	No	Yes	Yes	Yes	Yes	No	Yes
NSD2	7468	ENST00000382891	NM_001042424.2	ENST00000382891	NM_001042424.2	6	Yes	Yes	No	Yes	Yes	Yes	Yes	No	Yes
NSD3	54904	ENST00000317025	NM_023034.1	ENST00000317025	NM_023034.1	6	Yes	No	No	Yes	Yes	Yes	Yes	No	Yes
NTRK1	4914	ENST00000524377	NM_002529.3	ENST00000524377	NM_002529.3	6	Yes	Yes	No	Yes	Yes	Yes	Yes	No	Yes
NTRK3	4916	ENST00000360948	NM_001012338.2	ENST00000360948	NM_001012338.2	6	Yes	Yes	No	Yes	Yes	Yes	Yes	No	Yes
PALB2	79728	ENST00000261584	NM_024675.3	ENST00000261584	NM_024675.3	6	Yes	No	Yes	Yes	Yes	Yes	Yes	No	Yes
PDCD1LG2	80380	ENST00000397747	NM_025239.3	ENST00000397747	NM_025239.3	6	Yes	Yes	No	Yes	Yes	Yes	Yes	No	Yes
PDGFRB	5159	ENST00000261799	NM_002609.3	ENST00000261799	NM_002609.3	6	Yes	Yes	No	Yes	Yes	Yes	Yes	No	Yes
PHF6	84295	ENST00000332070	NM_001015877.1	ENST00000332070	NM_001015877.1	6	Yes	No	Yes	Yes	Yes	No	Yes	Yes	Yes
PIM1	5292	ENST00000373509	NM_002648.3	ENST00000373509	NM_002648.3	6	Yes	No	No	Yes	Yes	Yes	Yes	No	Yes
PRKAR1A	5573	ENST00000358598	NM_212471.2	ENST00000358598	NM_212471.2	6	Yes	No	No	Yes	Yes	Yes	Yes	No	Yes
RAD21	5885	ENST00000297338	NM_006265.2	ENST00000297338	NM_006265.2	6	Yes	No	Yes	Yes	Yes	Yes	Yes	No	Yes
RAF1	5894	ENST00000251849	NM_002880.3	ENST00000251849	NM_002880.3	6	Yes	Yes	No	Yes	Yes	Yes	Yes	No	Yes
RARA	5914	ENST00000254066	NM_000964.3	ENST00000254066	NM_000964.3	6	Yes	No	No	Yes	Yes	Yes	Yes	No	Yes
ROS1	6098	ENST00000368508	NM_002944.2	ENST00000368508	NM_002944.2	6	Yes	Yes	No	Yes	Yes	Yes	Yes	No	Yes
RUNX1	861	ENST00000300305	NM_001754.4	ENST00000300305	NM_001754.4	6	Yes	No	Yes	Yes	Yes	No	Yes	Yes	Yes
SDHA	6389	ENST00000264932	NM_004168.2	ENST00000264932	NM_004168.2	6	Yes	No	Yes	Yes	Yes	Yes	Yes	No	Yes
SDHB	6390	ENST00000375499	NM_003000.2	ENST00000375499	NM_003000.2	6	Yes	No	Yes	Yes	Yes	Yes	Yes	No	Yes
SDHC	6391	ENST00000367975	NM_003001.3	ENST00000367975	NM_003001.3	6	Yes	No	Yes	Yes	Yes	Yes	Yes	No	Yes
SDHD	6392	ENST00000375549	NM_003002.3	ENST00000375549	NM_003002.3	6	Yes	No	Yes	Yes	Yes	Yes	Yes	No	Yes
SOX2	6657	ENST00000325404	NM_003106.3	ENST00000325404	NM_003106.3	6	Yes	Yes	No	Yes	Yes	Yes	Yes	No	Yes
SPEN	23013	ENST00000375759	NM_015001.2	ENST00000375759	NM_015001.2	6	Yes	No	Yes	Yes	Yes	Yes	Yes	No	Yes
SRC	6714	ENST00000358208	NM_198291.2	ENST00000358208	NM_198291.2	6	Yes	Yes	No	Yes	Yes	Yes	Yes	No	Yes
SRSF2	6427	ENST00000359995	NM_003016.4	ENST00000359995	NM_003016.4	6	Yes	No	No	Yes	Yes	No	Yes	Yes	Yes
STAT3	6774	ENST00000264657	NM_139276.2	ENST00000264657	NM_139276.2	6	Yes	Yes	No	Yes	Yes	Yes	Yes	No	Yes
SUFU	51684	ENST00000369902	NM_016169.3	ENST00000369902	NM_016169.3	6	Yes	No	Yes	Yes	Yes	Yes	Yes	No	Yes
SYK	6850	ENST00000375746	NM_003177.5	ENST00000375746	NM_003177.5	6	Yes	Yes	No	Yes	Yes	Yes	Yes	No	Yes
TENT5C	54855	ENST00000369448	NM_017709.3	ENST00000369448	NM_017709.3	6	Yes	No	Yes	Yes	Yes	Yes	Yes	No	Yes
TGFBR2	7048	ENST00000295754	NM_003242.5	ENST00000295754	NM_003242.5	6	Yes	No	Yes	Yes	Yes	Yes	Yes	No	Yes
TMPRSS2	7113	ENST00000398585	NM_001135099.1	ENST00000398585	NM_001135099.1	6	Yes	No	No	Yes	Yes	Yes	Yes	No	Yes
TNFRSF14	8764	ENST00000355716	NM_003820.2	ENST00000355716	NM_003820.2	6	Yes	No	Yes	Yes	Yes	Yes	Yes	No	Yes
TSC2	7249	ENST00000219476	NM_000548.3	ENST00000219476	NM_000548.3	6	Yes	No	Yes	Yes	Yes	Yes	Yes	No	Yes
TSHR	7253	ENST00000298171	NM_000369.2	ENST00000541158	NM_000369.2	6	Yes	Yes	No	Yes	Yes	No	Yes	Yes	Yes
XPO1	7514	ENST00000401558	NM_003400.3	ENST00000401558	NM_003400.3	6	Yes	Yes	No	Yes	Yes	Yes	Yes	No	Yes
AKT3	10000	ENST00000263826	NM_005465.4	ENST00000263826	NM_005465.4	5	Yes	Yes	No	Yes	Yes	Yes	Yes	No	No
ARAF	369	ENST00000377045	NM_001654.4	ENST00000377045	NM_001654.4	5	Yes	Yes	No	Yes	Yes	Yes	Yes	No	No
ARID1B	57492	ENST00000346085	NM_020732.3	ENST00000647938	NM_020732.3	5	Yes	No	Yes	Yes	Yes	No	No	Yes	Yes
AURKA	6790	ENST00000312783	NM_003600.2	ENST00000312783	NM_003600.2	5	Yes	Yes	No	Yes	Yes	Yes	Yes	No	No
AURKB	9212	ENST00000585124	NM_004217.3	ENST00000585124	NM_004217.3	5	Yes	Yes	No	Yes	Yes	Yes	Yes	No	No
AXL	558	ENST00000301178	NM_021913.4	ENST00000301178	NM_021913.4	5	Yes	Yes	No	Yes	Yes	Yes	Yes	No	No
BCL10	8915	ENST00000370580	NM_003921.4	ENST00000648566	NM_003921.4	5	Yes	No	Yes	Yes	Yes	No	Yes	No	Yes
BCORL1	63035	ENST00000218147		ENST00000218147		5	Yes	No	Yes	No	Yes	Yes	Yes	No	Yes
BCR	613	ENST00000305877	NM_004327.3	ENST00000305877	NM_004327.3	5	Yes	Yes	No	No	Yes	Yes	Yes	No	Yes
BIRC3	330	ENST00000263464	NM_182962.2	ENST00000263464	NM_182962.2	5	Yes	No	No	Yes	Yes	No	Yes	No	Yes
BLM	641	ENST00000355112	NM_000057.2	ENST00000355112	NM_000057.2	5	Yes	No	Yes	Yes	Yes	No	Yes	No	Yes
BTG1	694	ENST00000256015	NM_001731.2	ENST00000256015	NM_001731.2	5	Yes	No	Yes	No	Yes	Yes	Yes	No	Yes
CDK8	1024	ENST00000381527	NM_001260.1	ENST00000381527	NM_001260.1	5	Yes	Yes	No	Yes	Yes	Yes	Yes	No	No
CDKN2B	1030	ENST00000276925	NM_004936.3	ENST00000276925	NM_004936.3	5	Yes	No	Yes	Yes	Yes	Yes	Yes	No	No
CHEK1	1111	ENST00000428830	NM_001274.5	ENST00000428830	NM_001274.5	5	Yes	No	Yes	Yes	Yes	Yes	Yes	No	No
CRKL	1399	ENST00000354336	NM_005207.3	ENST00000354336	NM_005207.3	5	Yes	Yes	No	Yes	Yes	Yes	Yes	No	No
CYLD	1540	ENST00000398568	NM_001042355.1	ENST00000398568	NM_001042355.1	5	Yes	No	Yes	Yes	Yes	No	No	Yes	Yes
DOT1L	84444	ENST00000398665	NM_032482.2	ENST00000398665	NM_032482.2	5	Yes	Yes	No	Yes	Yes	Yes	Yes	No	No
EED	8726	ENST00000263360	NM_003797.3	ENST00000263360	NM_003797.3	5	Yes	No	Yes	Yes	Yes	Yes	Yes	No	No
EIF4A2	1974	ENST00000323963	NM_001967.3	ENST00000323963	NM_001967.3	5	Yes	Yes	No	Yes	Yes	No	Yes	No	Yes
EPHA3	2042	ENST00000336596	NM_005233.5	ENST00000336596	NM_005233.5	5	Yes	No	Yes	Yes	Yes	Yes	Yes	No	No
EPHB1	2047	ENST00000398015	NM_004441.4	ENST00000398015	NM_004441.4	5	Yes	No	Yes	Yes	Yes	Yes	Yes	No	No
ERCC4	2072	ENST00000311895	NM_005236.2	ENST00000311895	NM_005236.2	5	Yes	No	Yes	Yes	Yes	Yes	No	No	Yes
ETV1	2115	ENST00000405192	NM_001163147.1	ENST00000405192	NM_001163147.1	5	Yes	Yes	No	Yes	Yes	No	Yes	No	Yes
FAS	355	ENST00000355740	NM_000043.4	ENST00000652046	NM_000043.4	5	Yes	No	Yes	No	Yes	Yes	Yes	No	Yes
FGF19	9965	ENST00000294312	NM_005117.2	ENST00000294312	NM_005117.2	5	Yes	Yes	No	Yes	Yes	Yes	Yes	No	No
FGF3	2248	ENST00000334134	NM_005247.2	ENST00000334134	NM_005247.2	5	Yes	Yes	No	Yes	Yes	Yes	Yes	No	No
FGF4	2249	ENST00000168712	NM_002007.2	ENST00000168712	NM_002007.2	5	Yes	Yes	No	Yes	Yes	Yes	Yes	No	No
FH	2271	ENST00000366560	NM_000143.3	ENST00000366560	NM_000143.3	5	Yes	No	Yes	Yes	Yes	Yes	No	No	Yes
FLT1	2321	ENST00000282397	NM_002019.4	ENST00000282397	NM_002019.4	5	Yes	Yes	No	Yes	Yes	Yes	Yes	No	No
FLT4	2324	ENST00000261937	NM_182925.4	ENST00000261937	NM_182925.4	5	Yes	Yes	No	Yes	Yes	No	Yes	No	Yes
FOXO1	2308	ENST00000379561	NM_002015.3	ENST00000379561	NM_002015.3	5	Yes	No	Yes	Yes	Yes	No	Yes	No	Yes
FOXP1	27086	ENST00000318789	NM_001244814.1	ENST00000318789	NM_001244814.1	5	Yes	Yes	Yes	Yes	Yes	No	Yes	No	Yes
GRIN2A	2903	ENST00000330684	NM_001134407.1	ENST00000330684	NM_001134407.1	5	Yes	No	Yes	Yes	Yes	No	Yes	No	Yes
GSK3B	2932	ENST00000316626	NM_002093.3	ENST00000316626	NM_002093.3	5	Yes	Yes	No	Yes	Yes	Yes	Yes	No	No
HGF	3082	ENST00000222390	NM_000601.4	ENST00000222390	NM_000601.4	5	Yes	Yes	No	Yes	Yes	Yes	Yes	No	No
ID3	3399	ENST00000374561	NM_002167.4	ENST00000374561	NM_002167.4	5	Yes	No	Yes	Yes	Yes	Yes	Yes	No	No
IGF1R	3480	ENST00000268035	NM_000875.3	ENST00000650285	NM_000875.3	5	Yes	Yes	No	Yes	Yes	Yes	Yes	No	No
IKBKE	9641	ENST00000367120	NM_014002.3	ENST00000581977	NM_014002.3	5	Yes	Yes	No	Yes	Yes	Yes	Yes	No	No
IL7R	3575	ENST00000303115	NM_002185.3	ENST00000303115	NM_002185.3	5	Yes	Yes	No	Yes	Yes	No	Yes	No	Yes
INPP4B	8821	ENST00000262992	NM_001101669.1	ENST00000262992	NM_001101669.1	5	Yes	No	Yes	Yes	Yes	Yes	Yes	No	No
IRS2	8660	ENST00000375856	NM_003749.2	ENST00000375856	NM_003749.2	5	Yes	Yes	No	Yes	Yes	Yes	Yes	No	No
KLF4	9314	ENST00000374672	NM_004235.4	ENST00000374672	NM_004235.4	5	Yes	Yes	Yes	Yes	Yes	No	No	Yes	Yes
LMO1	4004	ENST00000335790	NM_002315.2	ENST00000335790	NM_002315.2	5	Yes	Yes	No	Yes	Yes	No	Yes	No	Yes
MALT1	10892	ENST00000348428	NM_006785.3	ENST00000649217	NM_006785.3	5	Yes	No	No	Yes	Yes	No	Yes	No	Yes
MAP3K13	9175	ENST00000265026	NM_004721.4	ENST00000265026	NM_004721.4	5	Yes	Yes	No	Yes	Yes	Yes	No	No	Yes
MCL1	4170	ENST00000369026	NM_021960.4	ENST00000369026	NM_021960.4	5	Yes	Yes	No	Yes	Yes	Yes	Yes	No	No
MEF2B	100271849	ENST00000162023	NM_001145785.1	ENST00000424583	NM_001145785.1	5	Yes	Yes	No	Yes	Yes	Yes	Yes	No	No
MRE11	4361	ENST00000323929	NM_005591.3	ENST00000323929	NM_005591.3	5	Yes	No	Yes	Yes	Yes	Yes	Yes	No	No
MSH3	4437	ENST00000265081	NM_002439.4	ENST00000265081	NM_002439.4	5	Yes	No	Yes	Yes	Yes	Yes	Yes	No	No
MSI2	124540	ENST00000284073	NM_138962.2	ENST00000284073	NM_138962.2	5	Yes	Yes	No	Yes	Yes	No	Yes	No	Yes
NBN	4683	ENST00000265433	NM_002485.4	ENST00000265433	NM_002485.4	5	Yes	No	Yes	Yes	Yes	Yes	No	No	Yes
NCOR1	9611	ENST00000268712	NM_006311.3	ENST00000268712	NM_006311.3	5	Yes	No	Yes	Yes	Yes	No	No	Yes	Yes
NFKBIA	4792	ENST00000216797	NM_020529.2	ENST00000216797	NM_020529.2	5	Yes	No	Yes	Yes	Yes	Yes	Yes	No	No
NSD1	64324	ENST00000439151	NM_022455.4	ENST00000439151	NM_022455.4	5	Yes	Yes	Yes	Yes	Yes	No	Yes	No	Yes
NT5C2	22978	ENST00000343289	NM_001134373.2	ENST00000343289	NM_001134373.2	5	Yes	Yes	No	No	Yes	Yes	Yes	No	Yes
NTRK2	4915	ENST00000277120	NM_006180.3	ENST00000277120	NM_006180.3	5	Yes	Yes	No	Yes	Yes	Yes	Yes	No	No
P2RY8	286530	ENST00000381297	NM_178129.4	ENST00000381297	NM_178129.4	5	Yes	No	Yes	No	Yes	Yes	Yes	No	Yes
PDCD1	5133	ENST00000334409	NM_005018.2	ENST00000334409	NM_005018.2	5	Yes	Yes	No	Yes	Yes	Yes	Yes	No	No
PIK3CB	5291	ENST00000289153	NM_006219.2	ENST00000289153	NM_006219.2	5	Yes	Yes	No	Yes	Yes	Yes	No	No	Yes
PMS2	5395	ENST00000265849	NM_000535.5	ENST00000265849	NM_000535.5	5	Yes	No	Yes	Yes	Yes	Yes	No	No	Yes
POLD1	5424	ENST00000440232	NM_002691.3	ENST00000440232	NM_002691.3	5	Yes	No	Yes	Yes	Yes	Yes	No	No	Yes
POLE	5426	ENST00000320574	NM_006231.2	ENST00000320574	NM_006231.2	5	Yes	No	Yes	Yes	Yes	Yes	No	No	Yes
POT1	25913	ENST00000357628	NM_015450.2	ENST00000357628	NM_015450.2	5	Yes	No	Yes	Yes	Yes	No	Yes	No	Yes
PPARG	5468	ENST00000287820	NM_015869.4	ENST00000287820	NM_015869.4	5	Yes	Yes	No	Yes	Yes	Yes	No	No	Yes
RAC1	5879	ENST00000356142	NM_018890.3	ENST00000356142	NM_018890.3	5	Yes	Yes	No	Yes	Yes	Yes	No	No	Yes
RAD51	5888	ENST00000267868	NM_002875.4	ENST00000267868	NM_002875.4	5	Yes	No	Yes	Yes	Yes	Yes	Yes	No	No
RAD51B	5890	ENST00000487270	NM_133509.3	ENST00000487270	NM_133509.3	5	Yes	No	Yes	Yes	Yes	Yes	No	No	Yes
RBM10	8241	ENST00000329236	NM_001204468.1	ENST00000628161	NM_001204468.1	5	Yes	No	Yes	Yes	Yes	Yes	No	No	Yes
REL	5966	ENST00000295025	NM_002908.2	ENST00000295025	NM_002908.2	5	Yes	Yes	No	Yes	Yes	Yes	No	No	Yes
RHOA	387	ENST00000418115	NM_001664.2	ENST00000418115	NM_001664.2	5	Yes	Yes	No	Yes	Yes	No	Yes	No	Yes
RICTOR	253260	ENST00000357387	NM_152756.3	ENST00000357387	NM_152756.3	5	Yes	Yes	No	Yes	Yes	Yes	Yes	No	No
RPTOR	57521	ENST00000306801	NM_020761.2	ENST00000306801	NM_020761.2	5	Yes	Yes	No	Yes	Yes	Yes	Yes	No	No
SETBP1	26040	ENST00000282030	NM_015559.2	ENST00000649279	NM_015559.2	5	Yes	Yes	No	No	Yes	No	Yes	Yes	Yes
SOX9	6662	ENST00000245479	NM_000346.3	ENST00000245479	NM_000346.3	5	Yes	Yes	Yes	Yes	Yes	Yes	No	Yes	No
STAT5B	6777	ENST00000293328	NM_012448.3	ENST00000293328	NM_012448.3	5	Yes	Yes	No	Yes	Yes	No	Yes	No	Yes
SUZ12	23512	ENST00000322652	NM_015355.2	ENST00000322652	NM_015355.2	5	Yes	No	Yes	Yes	Yes	No	Yes	No	Yes
TBX3	6926	ENST00000257566	NM_016569.3	ENST00000257566	NM_016569.3	5	Yes	No	Yes	Yes	Yes	Yes	No	No	Yes
TCF3	6929	ENST00000344749	NM_001136139.2	ENST00000588136	NM_001136139.2	5	Yes	No	Yes	Yes	Yes	No	Yes	No	Yes
TERT	7015	ENST00000310581	NM_198253.2	ENST00000310581	NM_198253.2	5	Yes	Yes	No	Yes	Yes	Yes	No	No	Yes
TET1	80312	ENST00000373644	NM_030625.2	ENST00000373644	NM_030625.2	5	Yes	No	Yes	Yes	Yes	No	Yes	No	Yes
TOP1	7150	ENST00000361337	NM_003286.2	ENST00000361337	NM_003286.2	5	Yes	No	Yes	Yes	Yes	No	Yes	No	Yes
TP63	8626	ENST00000264731	NM_003722.4	ENST00000264731	NM_003722.4	5	Yes	Yes	Yes	Yes	Yes	No	Yes	No	Yes
TRAF7	84231	ENST00000326181	NM_032271.2	ENST00000326181	NM_032271.2	5	Yes	No	No	Yes	Yes	No	No	Yes	Yes
ZRSR2	8233	ENST00000307771	NM_005089.3	ENST00000307771	NM_005089.3	5	Yes	No	No	Yes	Yes	No	Yes	No	Yes
ACVR1	90	ENST00000263640	NM_001111067.2	ENST00000263640	NM_001111067.2	4	Yes	Yes	No	Yes	Yes	No	No	No	Yes
ALOX12B	242	ENST00000319144	NM_001139.2	ENST00000647874	NM_001139.2	4	Yes	Yes	Yes	Yes	Yes	Yes	No	No	No
AXIN2	8313	ENST00000307078	NM_004655.3	ENST00000307078	NM_004655.3	4	Yes	No	Yes	Yes	Yes	No	No	No	Yes
BCL11B	64919	ENST00000357195	NM_138576.3	ENST00000357195	NM_138576.3	4	Yes	No	Yes	No	Yes	No	Yes	No	Yes
BCL2L1	598	ENST00000307677	NM_138578.1	ENST00000307677	NM_138578.1	4	Yes	No	No	Yes	Yes	Yes	No	No	No
BMPR1A	657	ENST00000372037	NM_004329.2	ENST00000372037	NM_004329.2	4	Yes	No	Yes	Yes	Yes	No	No	No	Yes
CDKN1A	1026	ENST00000244741	NM_078467.2	ENST00000244741	NM_078467.2	4	Yes	No	Yes	Yes	Yes	Yes	No	No	No
CIITA	4261	ENST00000324288	NM_001286402	ENST00000324288	NM_001286402	4	Yes	No	Yes	No	Yes	No	Yes	No	Yes
CUL3	8452	ENST00000264414	NM_003590.4	ENST00000264414	NM_003590.4	4	Yes	No	Yes	Yes	Yes	Yes	No	No	No
CUX1	1523	ENST00000292535	NM_181552.3	ENST00000292535	NM_181552.3	4	Yes	No	Yes	No	Yes	No	Yes	No	Yes
DDX3X	1654	ENST00000399959	NM_001356.4	ENST00000478993	NM_001356.4	4	Yes	No	Yes	No	Yes	No	Yes	No	Yes
DICER1	23405	ENST00000393063	NM_177438.2	ENST00000393063	NM_177438.2	4	Yes	No	Yes	Yes	Yes	No	No	No	Yes
DIS3	22894	ENST00000377767	NM_014953.3	ENST00000377767	NM_014953.3	4	Yes	No	Yes	Yes	Yes	Yes	No	No	No
DNAJB1	3337	ENST00000254322	NM_006145.1	ENST00000254322	NM_006145.1	4	Yes	No	No	Yes	Yes	No	No	No	Yes
DNMT1	1786	ENST00000340748	NM_001379.2	ENST00000340748	NM_001379.2	4	Yes	Yes	No	Yes	Yes	No	No	Yes	No
DROSHA	29102	ENST00000344624	NM_013235.4	ENST00000344624	NM_013235.4	4	Yes	No	No	Yes	Yes	No	No	No	Yes
EPAS1	2034	ENST00000263734	NM_001430.4	ENST00000263734	NM_001430.4	4	Yes	No	No	Yes	Yes	No	No	No	Yes
EPHA5	2044	ENST00000273854	NM_004439.5	ENST00000273854	NM_004439.5	4	Yes	No	No	Yes	Yes	No	Yes	No	No
EPHA7	2045	ENST00000369303	NM_004440.3	ENST00000369303	NM_004440.3	4	Yes	Yes	Yes	Yes	Yes	No	Yes	No	No
ERCC2	2068	ENST00000391945	NM_000400.3	ENST00000391945	NM_000400.3	4	Yes	No	Yes	Yes	Yes	No	No	No	Yes
ERCC3	2071	ENST00000285398	NM_000122.1	ENST00000285398	NM_000122.1	4	Yes	No	Yes	Yes	Yes	No	No	No	Yes
ERCC5	2073	ENST00000355739	NM_000123.3	ENST00000652225	NM_000123.3	4	Yes	No	Yes	Yes	Yes	No	No	No	Yes
ERRFI1	54206	ENST00000377482	NM_018948.3	ENST00000377482	NM_018948.3	4	Yes	No	Yes	Yes	Yes	Yes	No	No	No
ETV4	2118	ENST00000319349	NM_001079675.2	ENST00000319349	NM_001079675.2	4	Yes	Yes	No	No	No	Yes	Yes	No	Yes
ETV5	2119	ENST00000306376	NM_004454.2	ENST00000306376	NM_004454.2	4	Yes	Yes	No	No	No	Yes	Yes	No	Yes
EWSR1	2130	ENST00000397938	NM_005243.3	ENST00000397938	NM_005243.3	4	Yes	Yes	No	No	No	Yes	Yes	No	Yes
FANCD2	2177	ENST00000383807	NM_001018115.1	ENST00000383807	NM_001018115.1	4	Yes	No	Yes	No	Yes	No	Yes	No	Yes
FAT1	2195	ENST00000441802	NM_005245.3	ENST00000441802	NM_005245.3	4	Yes	No	Yes	Yes	Yes	No	No	No	Yes
FBXO11	80204	ENST00000403359	NM_001190274.1	ENST00000403359	NM_001190274.1	4	Yes	No	Yes	No	Yes	No	Yes	No	Yes
FOXA1	3169	ENST00000250448	NM_004496.3	ENST00000250448	NM_004496.3	4	Yes	Yes	Yes	Yes	Yes	No	No	No	Yes
GLI1	2735	ENST00000228682	NM_005269.2	ENST00000228682	NM_005269.2	4	Yes	Yes	No	Yes	Yes	No	Yes	No	No
GNA13	10672	ENST00000439174	NM_006572.5	ENST00000439174	NM_006572.5	4	Yes	Yes	No	No	Yes	Yes	Yes	No	No
H1-2	3006	ENST00000343677	NM_005319.3	ENST00000343677	NM_005319.3	4	Yes	No	No	Yes	Yes	No	Yes	No	No
H3-3B	3021	ENST00000254810	NM_005324.3	ENST00000254810	NM_005324.3	4	Yes	No	No	Yes	Yes	No	No	No	Yes
HDAC1	3065	ENST00000373548	NM_004964.2	ENST00000373548	NM_004964.2	4	Yes	Yes	No	No	Yes	Yes	Yes	No	No
HLA-A	3105	ENST00000376809	NM_001242758.1	ENST00000376809	NM_001242758.1	4	Yes	No	Yes	Yes	Yes	No	No	No	Yes
INHBA	3624	ENST00000242208	NM_002192.2	ENST00000242208	NM_002192.2	4	Yes	Yes	Yes	Yes	Yes	No	Yes	No	No
LATS1	9113	ENST00000253339	NM_004690.3	ENST00000253339	NM_004690.3	4	Yes	No	Yes	Yes	Yes	No	No	No	Yes
LATS2	26524	ENST00000382592	NM_014572.2	ENST00000382592	NM_014572.2	4	Yes	No	Yes	Yes	Yes	No	No	No	Yes
LYN	4067	ENST00000519728	NM_002350.3	ENST00000519728	NM_002350.3	4	Yes	Yes	No	Yes	Yes	Yes	No	No	No
MAF	4094	ENST00000393350	NM_001031804.2	ENST00000393350	NM_001031804.2	4	Yes	No	No	No	No	Yes	Yes	No	Yes
MAP3K14	9020	ENST00000344686	NM_003954.3	ENST00000344686	NM_003954.3	4	Yes	Yes	No	Yes	Yes	No	Yes	No	No
MAX	4149	ENST00000358664	NM_002382.4	ENST00000358664	NM_002382.4	4	Yes	No	Yes	Yes	Yes	No	No	No	Yes
MLLT1	4298	ENST00000252674	NM_005934.3	ENST00000252674	NM_005934.3	4	Yes	No	No	Yes	No	No	Yes	No	Yes
MST1R	4486	ENST00000296474	NM_002447.2	ENST00000296474	NM_002447.2	4	Yes	Yes	No	Yes	Yes	Yes	No	No	No
MYOD1	4654	ENST00000250003	NM_002478.4	ENST00000250003	NM_002478.4	4	Yes	No	Yes	Yes	Yes	No	No	No	Yes
NCOR2	9612	ENST00000405201	NM_006312.6	ENST00000405201	NM_006312.6	4	Yes	No	No	No	Yes	No	Yes	No	Yes
NOTCH3	4854	ENST00000263388	NM_000435.2	ENST00000263388	NM_000435.2	4	Yes	Yes	Yes	Yes	Yes	Yes	No	No	No
NUP93	9688	ENST00000308159	NM_014669.4	ENST00000308159	NM_014669.4	4	Yes	No	No	Yes	Yes	No	Yes	No	No
PARP1	142	ENST00000366794	NM_001618.3	ENST00000366794	NM_001618.3	4	Yes	No	Yes	Yes	Yes	Yes	No	No	No
PHOX2B	8929	ENST00000226382	NM_003924.3	ENST00000226382	NM_003924.3	4	Yes	No	Yes	Yes	Yes	No	No	No	Yes
PIK3C2G	5288	ENST00000266497	NM_004570.4	ENST00000433979	NM_004570.4	4	Yes	No	No	Yes	Yes	Yes	No	No	No
PIK3CG	5294	ENST00000359195	NM_002649.2	ENST00000359195	NM_002649.2	4	Yes	Yes	No	Yes	Yes	No	Yes	No	No
PIK3R2	5296	ENST00000222254	NM_005027.3	ENST00000222254	NM_005027.3	4	Yes	No	Yes	Yes	Yes	No	Yes	No	No
PLCG2	5336	ENST00000359376	NM_002661.3	ENST00000564138	NM_002661.3	4	Yes	Yes	No	Yes	Yes	No	Yes	No	No
PPM1D	8493	ENST00000305921	NM_003620.3	ENST00000305921	NM_003620.3	4	Yes	Yes	No	Yes	Yes	No	No	No	Yes
PPP6C	5537	ENST00000373547	NM_002721.4	ENST00000373547	NM_002721.4	4	Yes	No	Yes	Yes	Yes	No	No	No	Yes
PREX2	80243	ENST00000288368	NM_024870.2	ENST00000288368	NM_024870.2	4	Yes	No	No	Yes	Yes	No	No	No	Yes
PRKCI	5584	ENST00000295797	NM_002740.5	ENST00000295797	NM_002740.5	4	Yes	Yes	No	Yes	Yes	Yes	No	No	No
PRKN	5071	ENST00000366898	NM_004562.2	ENST00000366898	NM_004562.2	4	Yes	No	Yes	Yes	Yes	Yes	No	No	No
PTPRT	11122	ENST00000373198	NM_133170.3	ENST00000373198	NM_133170.3	4	Yes	No	Yes	Yes	Yes	No	No	No	Yes
RAD50	10111	ENST00000265335	NM_005732.3	ENST00000378823	NM_005732.3	4	Yes	No	Yes	Yes	Yes	No	Yes	No	No
RAD51C	5889	ENST00000337432	NM_058216.2	ENST00000337432	NM_058216.2	4	Yes	No	Yes	Yes	Yes	Yes	No	No	No
RAD51D	5892	ENST00000345365	NM_002878.3	ENST00000345365	NM_002878.3	4	Yes	No	Yes	Yes	Yes	Yes	No	No	No
RAD52	5893	ENST00000358495	NM_134424.2	ENST00000358495	NM_134424.2	4	Yes	No	No	Yes	Yes	Yes	No	No	No
RAD54L	8438	ENST00000371975	NM_001142548.1	ENST00000371975	NM_001142548.1	4	Yes	No	No	Yes	Yes	Yes	No	No	No
RECQL4	9401	ENST00000428558	NM_004260.3	ENST00000617875	NM_004260.3	4	Yes	No	Yes	Yes	Yes	No	No	No	Yes
RUNX1T1	862	ENST00000265814	NM_001198626.1	ENST00000265814	NM_001198626.1	4	Yes	Yes	No	No	Yes	No	Yes	No	Yes
SDHAF2	54949	ENST00000301761	NM_017841.2	ENST00000301761	NM_017841.2	4	Yes	No	Yes	Yes	Yes	No	No	No	Yes
SGK1	6446	ENST00000237305	NM_005627.3	ENST00000237305	NM_005627.3	4	Yes	Yes	No	No	Yes	Yes	Yes	No	No
SH2B3	10019	ENST00000341259	NM_005475.2	ENST00000341259	NM_005475.2	4	Yes	No	Yes	Yes	Yes	No	No	No	Yes
SMAD3	4088	ENST00000327367	NM_005902.3	ENST00000327367	NM_005902.3	4	Yes	No	Yes	Yes	Yes	No	No	No	Yes
SMARCD1	6602	ENST00000394963	NM_003076.4	ENST00000394963	NM_003076.4	4	Yes	No	No	Yes	Yes	No	No	No	Yes
STAT5A	6776	ENST00000345506	NM_003152.3	ENST00000345506	NM_003152.3	4	Yes	Yes	No	Yes	Yes	No	Yes	No	No
STAT6	6778	ENST00000300134	NM_001178078.1	ENST00000300134	NM_001178078.1	4	Yes	Yes	No	No	Yes	No	Yes	No	Yes
TBL1XR1	79718	ENST00000430069	NM_024665.4	ENST00000430069	NM_024665.4	4	Yes	No	Yes	No	Yes	No	Yes	No	Yes
TCF7L2	6934	ENST00000543371	NM_001146274.1	ENST00000627217	NM_001146274.1	4	Yes	No	Yes	Yes	Yes	No	No	No	Yes
TEK	7010	ENST00000380036	NM_000459.3	ENST00000380036	NM_000459.3	4	Yes	No	No	Yes	Yes	Yes	No	No	No
TMEM127	55654	ENST00000258439	NM_001193304.2	ENST00000258439	NM_001193304.2	4	Yes	No	Yes	Yes	Yes	No	No	No	Yes
TRAF2	7186	ENST00000247668	NM_021138.3	ENST00000247668	NM_021138.3	4	Yes	No	No	Yes	Yes	No	Yes	No	No
VEGFA	7422	ENST00000523873	NM_001171623.1	ENST00000523873	NM_001171623.1	4	Yes	Yes	No	Yes	Yes	Yes	No	No	No
WWTR1	25937	ENST00000360632	NM_001168280.1	ENST00000360632	NM_001168280.1	4	Yes	Yes	No	Yes	Yes	No	No	No	Yes
XRCC2	7516	ENST00000359321	NM_005431.1	ENST00000359321	NM_005431.1	4	Yes	No	Yes	Yes	Yes	Yes	No	No	No
ZFHX3	463	ENST00000268489	NM_006885.3	ENST00000268489	NM_006885.3	4	Yes	No	Yes	Yes	Yes	No	No	No	Yes
ABL2	27	ENST00000502732	NM_007314.3	ENST00000502732	NM_007314.3	3	Yes	Yes	No	No	No	No	Yes	No	Yes
ABRAXAS1	84142	ENST00000321945	NM_139076.2	ENST00000321945	NM_139076.2	3	Yes	No	Yes	Yes	Yes	No	No	No	No
AGO2	27161	ENST00000220592	NM_012154.3	ENST00000220592	NM_012154.3	3	Yes	No	No	Yes	Yes	No	No	No	No
ANKRD11	29123	ENST00000301030	NM_013275.5	ENST00000301030	NM_013275.5	3	Yes	No	Yes	Yes	Yes	No	No	No	No
ARID5B	84159	ENST00000279873	NM_032199.2	ENST00000279873	NM_032199.2	3	Yes	No	Yes	Yes	Yes	No	No	No	No
ASXL2	55252	ENST00000435504	NM_018263.4	ENST00000435504	NM_018263.4	3	Yes	No	Yes	Yes	Yes	No	No	No	No
ATF1	466	ENST00000262053	NM_005171.4	ENST00000262053	NM_005171.4	3	Yes	Yes	No	No	No	No	Yes	No	Yes
BABAM1	29086	ENST00000359435	NM_001033549.1	ENST00000359435	NM_001033549.1	3	Yes	No	No	Yes	Yes	No	No	No	No
BBC3	27113	ENST00000449228	NM_001127240.2	ENST00000449228	NM_001127240.2	3	Yes	No	Yes	Yes	Yes	No	No	No	No
BCL2L11	10018	ENST00000393256	NM_138621.4	ENST00000393256	NM_138621.4	3	Yes	No	Yes	Yes	Yes	No	No	No	No
BCL9	607	ENST00000234739	NM_004326.3	ENST00000234739	NM_004326.3	3	Yes	Yes	No	No	No	No	Yes	No	Yes
CARM1	10498	ENST00000327064	NM_199141.1	ENST00000327064	NM_199141.1	3	Yes	No	No	Yes	Yes	No	No	No	No
CCNQ	92002	ENST00000576892	NM_152274.4	ENST00000576892	NM_152274.4	3	Yes	No	Yes	Yes	Yes	No	No	No	No
CD276	80381	ENST00000318443	NM_001024736.1	ENST00000318443	NM_001024736.1	3	Yes	Yes	No	Yes	Yes	No	No	No	No
CD58	965	ENST00000369489	NM_001779.2	ENST00000369489	NM_001779.2	3	Yes	No	Yes	No	Yes	No	Yes	No	No
CDC42	998	ENST00000344548	NM_001791.3	ENST00000344548	NM_001791.3	3	Yes	Yes	No	Yes	Yes	No	No	No	No
CENPA	1058	ENST00000335756	NM_001809.3	ENST00000335756	NM_001809.3	3	Yes	No	No	Yes	Yes	No	No	No	No
COP1	64326	ENST00000367669	NM_022457.5	ENST00000367669	NM_022457.5	3	Yes	Yes	No	Yes	Yes	No	No	No	No
CSDE1	7812	ENST00000438362	NM_001242891.1	ENST00000438362	NM_001242891.1	3	Yes	No	No	Yes	Yes	No	No	No	No
CTLA4	1493	ENST00000302823	NM_005214.4	ENST00000648405	NM_005214.4	3	Yes	Yes	No	Yes	Yes	No	No	No	No
CYSLTR2	57105	ENST00000282018	NM_020377.2	ENST00000282018	NM_020377.2	3	Yes	Yes	No	Yes	Yes	No	No	No	No
DCUN1D1	54165	ENST00000292782	NM_020640.2	ENST00000292782	NM_020640.2	3	Yes	Yes	No	Yes	Yes	No	No	No	No
DDIT3	1649	ENST00000346473	NM_001195057.1	ENST00000346473	NM_001195057.1	3	Yes	No	No	No	No	No	Yes	No	Yes
DEK	7913	ENST00000397239	NM_003472.3	ENST00000652689	NM_003472.3	3	Yes	Yes	No	No	No	No	Yes	No	Yes
DNMT3B	1789	ENST00000328111	NM_006892.3	ENST00000328111	NM_006892.3	3	Yes	No	Yes	Yes	Yes	No	No	No	No
DTX1	1840	ENST00000257600	NM_004416.2	ENST00000257600	NM_004416.2	3	Yes	No	Yes	No	Yes	No	Yes	No	No
DUSP22	56940	ENST00000344450	NM_020185.4	ENST00000344450	NM_020185.4	3	Yes	No	Yes	No	Yes	No	Yes	No	No
DUSP4	1846	ENST00000240100	NM_001394.6	ENST00000240100	NM_001394.6	3	Yes	No	Yes	Yes	Yes	No	No	No	No
E2F3	1871	ENST00000346618	NM_001949.4	ENST00000346618	NM_001949.4	3	Yes	Yes	No	Yes	Yes	No	No	No	No
EGFL7	51162	ENST00000308874	NM_201446.2	ENST00000308874	NM_201446.2	3	Yes	Yes	No	Yes	Yes	No	No	No	No
EIF1AX	1964	ENST00000379607	NM_001412.3	ENST00000379607	NM_001412.3	3	Yes	No	No	Yes	Yes	No	No	No	No
EIF4E	1977	ENST00000280892	NM_001130678.1	ENST00000280892	NM_001130678.1	3	Yes	Yes	No	Yes	Yes	No	No	No	No
ELF3	1999	ENST00000359651	NM_004433.4	ENST00000359651	NM_004433.4	3	Yes	Yes	Yes	Yes	Yes	No	No	No	No
ELOC	6921	ENST00000284811	NM_005648.3	ENST00000284811	NM_005648.3	3	Yes	No	No	Yes	Yes	No	No	No	No
EPCAM	4072	ENST00000263735	NM_002354.2	ENST00000263735	NM_002354.2	3	Yes	No	Yes	Yes	Yes	No	No	No	No
ERF	2077	ENST00000222329	NM_006494.2	ENST00000222329	NM_006494.2	3	Yes	No	Yes	Yes	Yes	No	No	No	No
ETNK1	55500	ENST00000266517	NM_018638.4	ENST00000671733	NM_018638.4	3	Yes	No	No	No	Yes	No	No	No	Yes
EZH1	2145	ENST00000428826	NM_001991.3	ENST00000428826	NM_001991.3	3	Yes	Yes	No	Yes	Yes	No	No	No	No
FANCG	2189					3	No	No	No	No	No	Yes	Yes	No	Yes
FANCL	55120	ENST00000233741	NM_018062.3	ENST00000233741	NM_018062.3	3	Yes	No	Yes	No	No	Yes	Yes	No	No
FEV	54738	ENST00000295727	NM_017521.2	ENST00000295727	NM_017521.2	3	Yes	No	No	No	No	No	Yes	No	Yes
FLI1	2313	ENST00000527786	NM_002017.4	ENST00000527786	NM_002017.4	3	Yes	Yes	No	No	No	No	Yes	No	Yes
FYN	2534	ENST00000368678	NM_153047.3	ENST00000368678	NM_153047.3	3	Yes	Yes	No	Yes	Yes	No	No	No	No
GNA12	2768	ENST00000275364	NM_007353.2	ENST00000275364	NM_007353.2	3	Yes	Yes	No	No	Yes	No	Yes	No	No
GNB1	2782	ENST00000378609	NM_001282539.1	ENST00000378609	NM_001282539.1	3	Yes	Yes	No	Yes	Yes	No	No	No	No
GPS2	2874	ENST00000380728	NM_004489.4	ENST00000380728	NM_004489.4	3	Yes	No	Yes	Yes	Yes	No	No	No	No
GREM1	26585	ENST00000300177	NM_013372.6	ENST00000300177	NM_013372.6	3	Yes	Yes	No	Yes	Yes	No	No	No	No
H1-3	3007	ENST00000244534	NM_005320.2	ENST00000244534	NM_005320.2	3	Yes	No	Yes	No	Yes	No	Yes	No	No
H1-4	3008	ENST00000304218	NM_005321.2	ENST00000304218	NM_005321.2	3	Yes	Yes	No	No	Yes	No	Yes	No	No
H2AC11	8969	ENST00000358739	NM_003509.2	ENST00000358739	NM_003509.2	3	Yes	No	No	No	Yes	No	Yes	No	No
H2AC16	8332	ENST00000357320	NM_003511	ENST00000613174	NM_003511	3	Yes	No	No	No	Yes	No	Yes	No	No
H2AC17	8336	ENST00000359611	NM_003514	ENST00000359611	NM_003514	3	Yes	Yes	No	No	Yes	No	Yes	No	No
H2AC6	8334	ENST00000314088	NM_003512.3	ENST00000314088	NM_003512.3	3	Yes	No	No	No	Yes	No	Yes	No	No
H2BC11	8970	ENST00000339812	NM_021058.3	ENST00000339812	NM_021058.3	3	Yes	No	No	No	Yes	No	Yes	No	No
H2BC12	85236	ENST00000356950	NM_080593.2	ENST00000356950	NM_080593.2	3	Yes	No	No	No	Yes	No	Yes	No	No
H2BC17	8348	ENST00000616182	NM_003527.4	ENST00000616182	NM_003527.4	3	Yes	No	No	No	Yes	No	Yes	No	No
H2BC4	8347	ENST00000314332	NM_003518.3	ENST00000314332	NM_003518.3	3	Yes	No	No	No	Yes	No	Yes	No	No
H2BC5	3017	ENST00000289316	NM_021063.3	ENST00000289316	NM_021063.3	3	Yes	No	No	Yes	Yes	No	No	No	No
H3-4	8290	ENST00000366696	NM_003493.2	ENST00000366696	NM_003493.2	3	Yes	No	No	Yes	Yes	No	No	No	No
H3-5	440093	ENST00000340398	NM_001013699.2	ENST00000340398	NM_001013699.2	3	Yes	No	No	Yes	Yes	No	No	No	No
H3C1	8350	ENST00000357647	NM_003529.2	ENST00000356476	NM_003529.2	3	Yes	No	No	Yes	Yes	No	No	No	No
H3C10	8357	ENST00000369163	NM_003536.2	ENST00000369163	NM_003536.2	3	Yes	No	No	Yes	Yes	No	No	No	No
H3C11	8354	ENST00000328488	NM_003533.2	ENST00000616365	NM_003533.2	3	Yes	No	No	Yes	Yes	No	No	No	No
H3C12	8356	ENST00000359303	NM_003535.2	ENST00000359303	NM_003535.2	3	Yes	No	No	Yes	Yes	No	No	No	No
H3C13	653604	ENST00000331491	NM_001123375.2	ENST00000331491	NM_001123375.2	3	Yes	No	No	Yes	Yes	No	No	No	No
H3C14	126961	ENST00000369158	NM_021059.2	ENST00000369158	NM_021059.2	3	Yes	No	No	Yes	Yes	No	No	No	No
H3C3	8352	ENST00000540144	NM_003531.2	ENST00000612966	NM_003531.2	3	Yes	No	No	Yes	Yes	No	No	No	No
H3C4	8351	ENST00000356476	NM_003530.4	ENST00000356476	NM_003530.4	3	Yes	No	No	Yes	Yes	No	No	No	No
H3C6	8353	ENST00000360408	NM_003532.2	ENST00000634733	NM_003532.2	3	Yes	No	No	Yes	Yes	No	No	No	No
H3C7	8968	ENST00000446824	NM_021018.2	ENST00000618052	NM_021018.2	3	Yes	No	No	Yes	Yes	No	No	No	No
H3C8	8355	ENST00000305910	NM_003534.2	ENST00000614378	NM_003534.2	3	Yes	No	No	Yes	Yes	No	No	No	No
HDAC4	9759	ENST00000345617	NM_006037.3	ENST00000345617	NM_006037.3	3	Yes	Yes	Yes	No	Yes	No	Yes	No	No
HDAC7	51564	ENST00000427332	XM_011538481.1	ENST00000427332	XM_011538481.1	3	Yes	Yes	No	No	Yes	No	Yes	No	No
HIF1A	3091	ENST00000337138	NM_001530.3	ENST00000337138	NM_001530.3	3	Yes	Yes	No	No	Yes	No	No	No	Yes
HLA-B	3106	ENST00000412585	NM_005514.6	ENST00000412585	NM_005514.6	3	Yes	No	Yes	Yes	Yes	No	No	No	No
HOXB13	10481	ENST00000290295	NM_006361.5	ENST00000290295	NM_006361.5	3	Yes	Yes	Yes	Yes	Yes	No	No	No	No
ICOSLG	23308	ENST00000407780	NM_015259.4	ENST00000407780	NM_015259.4	3	Yes	Yes	No	Yes	Yes	No	No	No	No
IFNGR1	3459	ENST00000367739	NM_000416.2	ENST00000367739	NM_000416.2	3	Yes	No	Yes	Yes	Yes	No	No	No	No
IGF1	3479	ENST00000307046	NM_001111285.1	ENST00000307046	NM_001111285.1	3	Yes	Yes	No	Yes	Yes	No	No	No	No
IGF2	3481	ENST00000434045	NM_001127598.1	ENST00000434045	NM_001127598.1	3	Yes	Yes	No	Yes	Yes	No	No	No	No
IKZF3	22806	ENST00000346872	NM_012481.4	ENST00000346872	NM_012481.4	3	Yes	Yes	Yes	No	Yes	No	Yes	No	No
IL10	3586	ENST00000423557	NM_000572.2	ENST00000423557	NM_000572.2	3	Yes	No	No	Yes	Yes	No	No	No	No
INHA	3623	ENST00000243786	NM_002191.3	ENST00000243786	NM_002191.3	3	Yes	No	Yes	Yes	Yes	No	No	No	No
INPP4A	3631	ENST00000074304	NM_001134224.1	ENST00000074304	NM_001134224.1	3	Yes	No	No	Yes	Yes	No	No	No	No
INPPL1	3636	ENST00000298229	NM_001567.3	ENST00000298229	NM_001567.3	3	Yes	No	Yes	Yes	Yes	No	No	No	No
INSR	3643	ENST00000302850	NM_000208.2	ENST00000302850	NM_000208.2	3	Yes	Yes	No	Yes	Yes	No	No	No	No
IRF1	3659	ENST00000245414	NM_002198.2	ENST00000245414	NM_002198.2	3	Yes	No	Yes	No	Yes	No	Yes	No	No
IRF8	3394	ENST00000268638	NM_002163.2	ENST00000268638	NM_002163.2	3	Yes	No	Yes	No	Yes	No	Yes	No	No
IRS1	3667	ENST00000305123	NM_005544.2	ENST00000305123	NM_005544.2	3	Yes	Yes	No	Yes	Yes	No	No	No	No
JARID2	3720	ENST00000341776	NM_004973.3	ENST00000341776	NM_004973.3	3	Yes	Yes	Yes	No	Yes	No	Yes	No	No
KAT6A	7994	ENST00000265713	NM_006766.4	ENST00000265713	NM_006766.4	3	Yes	No	No	No	No	No	Yes	No	Yes
KMT2B	9757	ENST00000222270	NM_014727.1	ENST00000420124	NM_014727.1	3	Yes	No	Yes	Yes	Yes	No	No	No	No
KMT5A	387893	ENST00000330479	NM_020382.3	ENST00000402868	NM_020382.3	3	Yes	No	No	Yes	Yes	No	No	No	No
KNSTRN	90417	ENST00000249776	NM_033286.3	ENST00000249776	NM_033286.3	3	Yes	No	No	Yes	Yes	No	No	No	No
LCK	3932	ENST00000336890	NM_001042771.2	ENST00000336890	NM_001042771.2	3	Yes	Yes	No	No	Yes	No	No	No	Yes
LMO2	4005	ENST00000395833	NM_001142315.1	ENST00000395833	NM_001142315.1	3	Yes	Yes	No	No	No	No	Yes	No	Yes
LZTR1	8216	ENST00000215739	NM_006767.3	ENST00000646124	NM_006767.3	3	Yes	No	Yes	Yes	No	No	No	No	Yes
MAFB	9935	ENST00000373313	NM_005461.4	ENST00000373313	NM_005461.4	3	Yes	Yes	No	No	No	No	Yes	No	Yes
MAPK3	5595	ENST00000263025	NM_002746.2	ENST00000263025	NM_002746.2	3	Yes	Yes	No	Yes	Yes	No	No	No	No
MAPKAP1	79109	ENST00000265960	NM_001006617.1	ENST00000265960	NM_001006617.1	3	Yes	No	No	Yes	Yes	No	No	No	No
MDC1	9656	ENST00000376406	NM_014641.2	ENST00000376406	NM_014641.2	3	Yes	No	No	Yes	Yes	No	No	No	No
MECOM	2122	ENST00000468789	NM_001105078.3	ENST00000468789	NM_001105078.3	3	Yes	Yes	No	No	No	No	Yes	No	Yes
MGA	23269	ENST00000219905	NM_001164273.1	ENST00000219905	NM_001164273.1	3	Yes	No	Yes	Yes	Yes	No	No	No	No
MLLT10	8028	ENST00000307729	NM_001195626.1	ENST00000307729	NM_001195626.1	3	Yes	Yes	No	No	No	No	Yes	No	Yes
MSI1	4440	ENST00000257552	NM_002442.3	ENST00000257552	NM_002442.3	3	Yes	Yes	No	Yes	Yes	No	No	No	No
MST1	4485	ENST00000449682	NM_020998.3	ENST00000449682	NM_020998.3	3	Yes	No	Yes	Yes	Yes	No	No	No	No
MTAP	4507	ENST00000380172	NM_002451.3	ENST00000644715	NM_002451.3	3	Yes	No	Yes	Yes	No	Yes	No	No	No
MYB	4602					3	No	No	No	No	No	Yes	Yes	No	Yes
NCOA3	8202	ENST00000371998	NM_181659.2	ENST00000371998	NM_181659.2	3	Yes	Yes	No	Yes	Yes	No	No	No	No
NCSTN	23385	ENST00000294785	NM_015331.2	ENST00000294785	NM_015331.2	3	Yes	Yes	No	No	Yes	No	Yes	No	No
NEGR1	257194	ENST00000357731	NM_173808.2	ENST00000357731	NM_173808.2	3	Yes	No	No	Yes	Yes	No	No	No	No
NKX3-1	4824	ENST00000380871	NM_006167.3	ENST00000380871	NM_006167.3	3	Yes	No	Yes	Yes	Yes	No	No	No	No
NOTCH4	4855	ENST00000375023	NM_004557.3	ENST00000375023	NM_004557.3	3	Yes	Yes	Yes	Yes	Yes	No	No	No	No
NR4A3	8013	ENST00000395097	NM_006981.3	ENST00000395097	NM_006981.3	3	Yes	Yes	No	No	No	No	Yes	No	Yes
NTHL1	4913	ENST00000219066	NM_002528.5	ENST00000219066	NM_002528.5	3	Yes	No	Yes	Yes	Yes	No	No	No	No
NUF2	83540	ENST00000271452	NM_031423.3	ENST00000271452	NM_031423.3	3	Yes	Yes	No	Yes	Yes	No	No	No	No
NUP98	4928	ENST00000359171	XM_005252950.1	ENST00000355260	XM_005252950.1	3	Yes	Yes	No	No	No	No	Yes	No	Yes
NUTM1	256646	ENST00000333756	XM_011521429.1	ENST00000333756	XM_011521429.1	3	Yes	No	No	No	No	Yes	No	No	Yes
PAK1	5058	ENST00000356341	NM_002576.4	ENST00000356341	NM_002576.4	3	Yes	Yes	No	Yes	Yes	No	No	No	No
PAK5	57144	ENST00000353224	NM_177990.2	ENST00000353224	NM_177990.2	3	Yes	Yes	No	Yes	Yes	No	No	No	No
PCBP1	5093	ENST00000303577	NM_006196.3	ENST00000303577	NM_006196.3	3	Yes	No	No	No	Yes	No	Yes	No	No
PDGFB	5155	ENST00000331163	NM_002608.2	ENST00000331163	NM_002608.2	3	Yes	Yes	No	No	No	No	Yes	No	Yes
PDPK1	5170	ENST00000342085	NM_002613.4	ENST00000342085	NM_002613.4	3	Yes	No	No	Yes	Yes	No	No	No	No
PGR	5241	ENST00000325455	NM_000926.4	ENST00000325455	NM_000926.4	3	Yes	Yes	No	Yes	Yes	No	No	No	No
PIK3C3	5289	ENST00000262039	NM_002647.2	ENST00000262039	NM_002647.2	3	Yes	No	No	Yes	Yes	No	No	No	No
PIK3CD	5293	ENST00000377346	NM_005026.3	ENST00000377346	NM_005026.3	3	Yes	Yes	No	Yes	Yes	No	No	No	No
PIK3R3	8503	ENST00000262741	NM_003629.3	ENST00000262741	NM_003629.3	3	Yes	No	Yes	Yes	Yes	No	No	No	No
PLCG1	5335	ENST00000373271	NM_182811.1	ENST00000373271	NM_182811.1	3	Yes	Yes	No	No	Yes	No	No	No	Yes
PLK2	10769	ENST00000274289	NM_006622.3	ENST00000274289	NM_006622.3	3	Yes	No	No	Yes	Yes	No	No	No	No
PMAIP1	5366	ENST00000316660	NM_021127.2	ENST00000316660	NM_021127.2	3	Yes	No	Yes	Yes	Yes	No	No	No	No
PMS1	5378	ENST00000441310	NM_000534.4	ENST00000441310	NM_000534.4	3	Yes	No	Yes	Yes	Yes	No	No	No	No
PNRC1	10957	ENST00000336032	NM_006813.2	ENST00000336032	NM_006813.2	3	Yes	No	No	Yes	Yes	No	No	No	No
PPP4R2	151987	ENST00000356692	NM_174907.2	ENST00000356692	NM_174907.2	3	Yes	No	No	Yes	Yes	No	No	No	No
PRDM14	63978	ENST00000276594	NM_024504.3	ENST00000276594	NM_024504.3	3	Yes	No	No	Yes	Yes	No	No	No	No
PRKD1	5587	ENST00000331968	NM_002742.2	ENST00000331968	NM_002742.2	3	Yes	No	No	Yes	Yes	No	No	No	No
PTP4A1	7803	ENST00000370651	NM_003463.4	ENST00000626021	NM_003463.4	3	Yes	No	No	Yes	Yes	No	No	No	No
PTPN2	5771	ENST00000309660	NM_002828.3	ENST00000309660	NM_002828.3	3	Yes	No	Yes	No	Yes	No	Yes	No	No
PTPRD	5789	ENST00000356435	NM_002839.3	ENST00000356435	NM_002839.3	3	Yes	No	Yes	Yes	Yes	No	No	No	No
PTPRS	5802	ENST00000357368	NM_002850.3	ENST00000587303	NM_002850.3	3	Yes	No	Yes	Yes	Yes	No	No	No	No
RAB35	11021	ENST00000229340	NM_006861.6	ENST00000229340	NM_006861.6	3	Yes	Yes	No	Yes	Yes	No	No	No	No
RAC2	5880	ENST00000249071	NM_002872.4	ENST00000249071	NM_002872.4	3	Yes	Yes	No	Yes	Yes	No	No	No	No
RASA1	5921	ENST00000274376	NM_002890.2	ENST00000274376	NM_002890.2	3	Yes	No	Yes	Yes	Yes	No	No	No	No
RBM15	64783	ENST00000369784	NM_022768.4	ENST00000369784	NM_022768.4	3	Yes	Yes	Yes	No	No	No	Yes	No	Yes
RECQL	5965	ENST00000421138	NM_002907.3	ENST00000421138	NM_002907.3	3	Yes	No	Yes	Yes	Yes	No	No	No	No
RHEB	6009	ENST00000262187	NM_005614.3	ENST00000262187	NM_005614.3	3	Yes	Yes	No	Yes	Yes	No	No	No	No
RIT1	6016	ENST00000368323	NM_006912.5	ENST00000368323	NM_006912.5	3	Yes	Yes	No	Yes	Yes	No	No	No	No
RPS6KA4	8986	ENST00000334205	NM_003942.2	ENST00000334205	NM_003942.2	3	Yes	Yes	No	Yes	Yes	No	No	No	No
RPS6KB2	6199	ENST00000312629	NM_003952.2	ENST00000312629	NM_003952.2	3	Yes	Yes	No	Yes	Yes	No	No	No	No
RRAGC	64121	ENST00000373001	NM_022157.3	ENST00000373001	NM_022157.3	3	Yes	Yes	No	Yes	Yes	No	No	No	No
RRAS	6237	ENST00000246792	NM_006270.3	ENST00000246792	NM_006270.3	3	Yes	Yes	No	Yes	Yes	No	No	No	No
RRAS2	22800	ENST00000256196	NM_012250.5	ENST00000256196	NM_012250.5	3	Yes	Yes	No	Yes	Yes	No	No	No	No
RTEL1	51750	ENST00000360203	NM_001283009.1	ENST00000360203	NM_001283009.1	3	Yes	No	Yes	Yes	Yes	No	No	No	No
RXRA	6256	ENST00000481739	NM_002957.4	ENST00000481739	NM_002957.4	3	Yes	No	No	Yes	Yes	No	No	No	No
RYBP	23429	ENST00000477973	NM_012234.5	ENST00000477973	NM_012234.5	3	Yes	No	Yes	Yes	Yes	No	No	No	No
SESN1	27244	ENST00000436639	NM_014454.2	ENST00000436639	NM_014454.2	3	Yes	No	Yes	Yes	Yes	No	No	No	No
SESN2	83667	ENST00000253063	NM_031459.4	ENST00000253063	NM_031459.4	3	Yes	No	Yes	Yes	Yes	No	No	No	No
SESN3	143686	ENST00000536441	NM_144665.3	ENST00000536441	NM_144665.3	3	Yes	No	Yes	Yes	Yes	No	No	No	No
SETDB1	9869	ENST00000271640	NM_001145415.1	ENST00000271640	NM_001145415.1	3	Yes	Yes	Yes	Yes	Yes	No	No	No	No
SH2D1A	4068	ENST00000371139	NM_002351.4	ENST00000371139	NM_002351.4	3	Yes	No	Yes	Yes	Yes	No	No	No	No
SHOC2	8036	ENST00000369452	NM_007373.3	ENST00000369452	NM_007373.3	3	Yes	Yes	No	Yes	Yes	No	No	No	No
SHQ1	55164	ENST00000325599	NM_018130.2	ENST00000325599	NM_018130.2	3	Yes	No	Yes	Yes	Yes	No	No	No	No
SLX4	84464	ENST00000294008	NM_032444.2	ENST00000294008	NM_032444.2	3	Yes	No	Yes	Yes	Yes	No	No	No	No
SMARCE1	6605	ENST00000348513	NM_003079.4	ENST00000348513	NM_003079.4	3	Yes	Yes	Yes	Yes	No	No	No	No	Yes
SMC1A	8243	ENST00000322213	NM_006306.3	ENST00000322213	NM_006306.3	3	Yes	No	Yes	No	Yes	No	Yes	No	No
SMC3	9126	ENST00000361804	NM_005445.3	ENST00000361804	NM_005445.3	3	Yes	No	Yes	No	Yes	No	Yes	No	No
SMYD3	64754	ENST00000388985	NM_001167740.1	ENST00000490107	NM_001167740.1	3	Yes	Yes	No	Yes	Yes	No	No	No	No
SOS1	6654	ENST00000402219	NM_005633.3	ENST00000402219	NM_005633.3	3	Yes	Yes	No	Yes	Yes	No	No	No	No
SOX17	64321	ENST00000297316	NM_022454.3	ENST00000297316	NM_022454.3	3	Yes	No	Yes	Yes	Yes	No	No	No	No
SPRED1	161742	ENST00000299084	NM_152594.2	ENST00000299084	NM_152594.2	3	Yes	No	Yes	Yes	Yes	No	No	No	No
SS18	6760	ENST00000415083	NM_001007559.2	ENST00000415083	NM_001007559.2	3	Yes	Yes	No	No	No	No	Yes	No	Yes
STK19	8859	ENST00000375331	NM_004197.1	ENST00000375331	NM_004197.1	3	Yes	Yes	No	Yes	Yes	No	No	No	No
STK40	83931	ENST00000373129	NM_032017.1	ENST00000373129	NM_032017.1	3	Yes	No	No	Yes	Yes	No	No	No	No
TAL1	6886	ENST00000294339	NM_001287347.2	ENST00000294339	NM_001287347.2	3	Yes	Yes	No	No	No	No	Yes	No	Yes
TAP1	6890	ENST00000354258	NM_000593.5	ENST00000354258	NM_000593.5	3	Yes	No	No	Yes	Yes	No	No	No	No
TAP2	6891	ENST00000374899	NM_018833.2	ENST00000383119	NM_018833.2	3	Yes	No	No	Yes	Yes	No	No	No	No
TCL1A	8115	ENST00000402399	NM_001098725.1	ENST00000402399	NM_001098725.1	3	Yes	Yes	No	No	No	No	Yes	No	Yes
TFE3	7030	ENST00000315869	NM_006521.5	ENST00000315869	NM_006521.5	3	Yes	Yes	No	No	No	No	Yes	No	Yes
TGFBR1	7046	ENST00000374994	NM_004612.2	ENST00000374994	NM_004612.2	3	Yes	No	Yes	Yes	Yes	No	No	No	No
TLX1	3195	ENST00000370196	NM_005521.3	ENST00000370196	NM_005521.3	3	Yes	Yes	No	No	No	No	Yes	No	Yes
TLX3	30012	ENST00000296921	NM_021025.2	ENST00000296921	NM_021025.2	3	Yes	Yes	No	No	No	No	Yes	No	Yes
TP53BP1	7158	ENST00000382044	NM_001141980.1	ENST00000382044	NM_001141980.1	3	Yes	No	Yes	Yes	Yes	No	No	No	No
TRAF3	7187	ENST00000392745	NM_003300.3	ENST00000392745	NM_003300.3	3	Yes	No	Yes	No	Yes	No	Yes	No	No
TRAF5	7188	ENST00000261464	NM_001033910.2	ENST00000261464	NM_001033910.2	3	Yes	No	Yes	No	Yes	No	Yes	No	No
TYK2	7297	ENST00000264818	NM_003331.4	ENST00000264818	NM_003331.4	3	Yes	Yes	No	No	Yes	No	Yes	No	No
U2AF2	11338	ENST00000308924	NM_007279.2	ENST00000308924	NM_007279.2	3	Yes	No	No	No	Yes	No	Yes	No	No
UBR5	51366	ENST00000520539	NM_015902.5	ENST00000520539	NM_015902.5	3	Yes	Yes	No	No	Yes	No	No	No	Yes
UPF1	5976	ENST00000262803	NM_002911.3	ENST00000262803	NM_002911.3	3	Yes	No	No	Yes	Yes	No	No	No	No
USP8	9101	ENST00000307179	NM_001128610.2	ENST00000307179	NM_001128610.2	3	Yes	Yes	No	Yes	No	No	No	No	Yes
VTCN1	79679	ENST00000369458	NM_024626.3	ENST00000369458	NM_024626.3	3	Yes	No	No	Yes	Yes	No	No	No	No
XBP1	7494	ENST00000216037	NM_005080.3	ENST00000216037	NM_005080.3	3	Yes	Yes	No	No	Yes	No	Yes	No	No
XIAP	331	ENST00000355640	NM_001167.3	ENST00000355640	NM_001167.3	3	Yes	Yes	No	Yes	Yes	No	No	No	No
YAP1	10413	ENST00000282441	NM_001130145.2	ENST00000282441	NM_001130145.2	3	Yes	Yes	No	Yes	Yes	No	No	No	No
YES1	7525	ENST00000314574	NM_005433.3	ENST00000314574	NM_005433.3	3	Yes	Yes	No	Yes	Yes	No	No	No	No
ABI1	10006					2	No	No	No	No	No	No	Yes	No	Yes
ACTG1	71	ENST00000331925	NM_001199954.1	ENST00000573283	NM_001199954.1	2	Yes	No	Yes	No	Yes	No	No	No	No
ACVR1B	91					2	No	No	No	No	No	Yes	No	Yes	No
AFDN	4301					2	No	No	No	No	No	No	Yes	No	Yes
AFF1	4299					2	No	No	No	No	No	No	Yes	No	Yes
AFF4	27125					2	No	No	No	No	No	No	Yes	No	Yes
AGO1	26523	ENST00000373204	NM_012199.2	ENST00000373204	NM_012199.2	2	Yes	Yes	No	Yes	No	No	No	No	No
ALB	213	ENST00000295897	NM_000477.5	ENST00000295897	NM_000477.5	2	Yes	No	No	Yes	No	No	No	No	No
APLNR	187	ENST00000257254	NM_005161.4	ENST00000257254	NM_005161.4	2	Yes	Yes	Yes	Yes	No	No	No	No	No
ARFRP1	10139					2	No	No	No	No	No	Yes	Yes	No	No
ARHGAP26	23092					2	No	No	No	No	No	No	Yes	No	Yes
ARHGAP35	2909	ENST00000404338	NM_004491.4	ENST00000404338	NM_004491.4	2	Yes	Yes	Yes	Yes	No	No	No	No	No
ARHGEF12	23365					2	No	No	No	No	No	No	Yes	No	Yes
ARHGEF28	64283	ENST00000426542	NM_001177693.1	ENST00000426542	NM_001177693.1	2	Yes	Yes	No	No	Yes	No	No	No	No
ARID3A	1820	ENST00000263620	NM_005224.2	ENST00000263620	NM_005224.2	2	Yes	No	Yes	No	Yes	No	No	No	No
ARID3B	10620	ENST00000346246	NM_001307939.1	ENST00000346246	NM_001307939.1	2	Yes	Yes	No	No	Yes	No	No	No	No
ARID3C	138715	ENST00000378909	NM_001017363.1	ENST00000378909	NM_001017363.1	2	Yes	No	No	No	Yes	No	No	No	No
ARID4A	5926	ENST00000355431	NM_002892.3	ENST00000355431	NM_002892.3	2	Yes	No	Yes	No	Yes	No	No	No	No
ARID4B	51742	ENST00000264183	NM_001206794.1	ENST00000264183	NM_001206794.1	2	Yes	No	Yes	No	Yes	No	No	No	No
ARID5A	10865	ENST00000357485	NM_212481.1	ENST00000357485	NM_212481.1	2	Yes	No	No	No	Yes	No	No	No	No
ARNT	405					2	No	No	No	No	No	No	Yes	No	Yes
ATIC	471					2	No	No	No	No	No	No	Yes	No	Yes
ATP6AP1	537	ENST00000369762	NM_001183.5	ENST00000369762	NM_001183.5	2	Yes	No	No	No	Yes	No	No	No	No
ATP6V1B2	526	ENST00000276390	NM_001693.3	ENST00000276390	NM_001693.3	2	Yes	No	Yes	No	Yes	No	No	No	No
ATXN2	6311	ENST00000377617	NM_002973.3	ENST00000550104	NM_002973.3	2	Yes	No	Yes	No	Yes	No	No	No	No
ATXN7	6314	ENST00000295900	NM_000333.3	ENST00000295900	NM_000333.3	2	Yes	Yes	No	Yes	No	No	No	No	No
BACH2	60468	ENST00000257749	NM_001170794.1	ENST00000257749	NM_001170794.1	2	Yes	No	Yes	No	Yes	No	No	No	No
BCL11A	53335					2	No	No	No	No	No	No	Yes	No	Yes
BCL2L2	599					2	No	No	No	No	No	Yes	Yes	No	No
BCL3	602					2	No	No	No	No	No	No	Yes	No	Yes
BCL7A	605					2	No	No	No	No	No	No	Yes	No	Yes
BTG2	7832					2	No	No	No	No	No	Yes	Yes	No	No
CAMTA1	23261					2	No	No	No	No	No	No	Yes	No	Yes
CARS1	833					2	No	No	No	No	No	No	Yes	No	Yes
CBFA2T3	863					2	No	No	No	No	No	No	Yes	No	Yes
CD22	933					2	No	No	No	No	No	Yes	Yes	No	No
CD28	940	ENST00000324106	NM_006139.3	ENST00000324106	NM_006139.3	2	Yes	Yes	No	No	Yes	No	No	No	No
CD70	970					2	No	No	No	No	No	Yes	Yes	No	No
CD74	972					2	No	No	No	No	No	Yes	No	No	Yes
CDX2	1045					2	No	No	No	No	No	No	Yes	No	Yes
CEP43	11116					2	No	No	No	No	No	No	Yes	No	Yes
CLTC	1213					2	No	No	No	No	No	No	Yes	No	Yes
CLTCL1	8218					2	No	No	No	No	No	No	Yes	No	Yes
CMTR2	55783	ENST00000338099	NM_001099642.1	ENST00000338099	NM_001099642.1	2	Yes	No	Yes	Yes	No	No	No	No	No
CNTRL	11064					2	No	No	No	No	No	No	Yes	No	Yes
COL1A1	1277					2	No	No	No	No	No	No	Yes	No	Yes
CRBN	51185	ENST00000231948	NM_016302.3	ENST00000231948	NM_016302.3	2	Yes	No	Yes	No	Yes	No	No	No	No
CREB1	1385	ENST00000432329	NM_134442.3	ENST00000432329	NM_134442.3	2	Yes	Yes	No	No	No	No	No	No	Yes
CREB3L1	90993					2	No	No	No	No	No	No	Yes	No	Yes
CREB3L2	64764					2	No	No	No	No	No	No	Yes	No	Yes
CTNNA1	1495					2	No	No	No	No	No	Yes	Yes	No	No
CTR9	9646	ENST00000361367	NM_014633.4	ENST00000361367	NM_014633.4	2	Yes	No	Yes	Yes	No	No	No	No	No
CYP19A1	1588	ENST00000260433	NM_000103.3	ENST00000396402	NM_000103.3	2	Yes	Yes	No	Yes	No	No	No	No	No
DDX10	1662					2	No	No	No	No	No	No	Yes	No	Yes
DDX6	1656					2	No	No	No	No	No	No	Yes	No	Yes
DNM2	1785					2	No	No	No	No	No	No	Yes	No	Yes
EBF1	1879					2	No	No	No	No	No	No	Yes	No	Yes
ECT2L	345930	ENST00000367682	NM_001077706.2	ENST00000367682	NM_001077706.2	2	Yes	No	Yes	No	No	No	Yes	No	No
EGR1	1958	ENST00000239938	NM_001964.2	ENST00000239938	NM_001964.2	2	Yes	No	Yes	No	Yes	No	No	No	No
ELF4	2000					2	No	No	No	No	No	No	Yes	No	Yes
ELL	8178					2	No	No	No	No	No	No	Yes	No	Yes
EML4	27436					2	No	No	No	No	No	No	Yes	No	Yes
EMSY	56946					2	No	No	No	No	No	Yes	Yes	No	No
EP400	57634	ENST00000389561	NM_015409.3	ENST00000389561	NM_015409.3	2	Yes	No	Yes	No	Yes	No	No	No	No
EPOR	2057	ENST00000222139	NM_000121.3	ENST00000222139	NM_000121.3	2	Yes	Yes	No	No	No	No	Yes	No	No
EPS15	2060					2	No	No	No	No	No	No	Yes	No	Yes
ESCO2	157570	ENST00000305188	NM_001017420.2	ENST00000305188	NM_001017420.2	2	Yes	No	Yes	No	Yes	No	No	No	No
ETAA1	54465	ENST00000272342	NM_019002.3	ENST00000272342	NM_019002.3	2	Yes	No	Yes	Yes	No	No	No	No	No
EZHIP	340602	ENST00000342995	NM_203407.2	ENST00000342995	NM_203407.2	2	Yes	Yes	No	Yes	No	No	No	No	No
EZR	7430					2	No	No	No	No	No	Yes	No	No	Yes
FANCE	2178					2	No	No	No	No	No	No	Yes	No	Yes
FANCF	2188					2	No	No	No	No	No	No	Yes	No	Yes
FCGR2B	2213					2	No	No	No	No	No	No	Yes	No	Yes
FCRL4	83417					2	No	No	No	No	No	No	Yes	No	Yes
FGF10	2255					2	No	No	No	No	No	Yes	Yes	No	No
FGF14	2259					2	No	No	No	No	No	Yes	Yes	No	No
FGF23	8074					2	No	No	No	No	No	Yes	Yes	No	No
FGF6	2251					2	No	No	No	No	No	Yes	Yes	No	No
FHIT	2272					2	No	No	No	No	No	No	Yes	No	Yes
FOXF1	2294	ENST00000262426	NM_001451.2	ENST00000262426	NM_001451.2	2	Yes	Yes	Yes	Yes	No	No	No	No	No
FOXO3	2309					2	No	No	No	No	No	No	Yes	No	Yes
FOXO4	4303					2	No	No	No	No	No	No	Yes	No	Yes
FSTL3	10272					2	No	No	No	No	No	No	Yes	No	Yes
FURIN	5045	ENST00000268171	NM_001289823.1	ENST00000268171	NM_001289823.1	2	Yes	Yes	No	No	Yes	No	No	No	No
FUS	2521					2	No	No	No	No	No	No	Yes	No	Yes
GAB1	2549	ENST00000262994	NM_002039.3	ENST00000262994	NM_002039.3	2	Yes	Yes	No	Yes	No	No	No	No	No
GAB2	9846	ENST00000361507	NM_080491.2	ENST00000361507	NM_080491.2	2	Yes	Yes	No	Yes	No	No	No	No	No
GAS7	8522					2	No	No	No	No	No	No	Yes	No	Yes
GID4	79018					2	No	No	No	No	No	Yes	Yes	No	No
GPHN	10243					2	No	No	No	No	No	No	Yes	No	Yes
GTF2I	2969	ENST00000324896	NM_032999.3	ENST00000573035	NM_032999.3	2	Yes	Yes	No	No	Yes	No	No	No	No
H1-5	3009	ENST00000331442	NM_005322.2	ENST00000331442	NM_005322.2	2	Yes	No	Yes	No	Yes	No	No	No	No
H2BC8	8339	ENST00000244601	NM_003518	ENST00000541790	NM_003518	2	Yes	No	No	No	Yes	No	No	No	No
H4C9	8294					2	No	No	No	No	No	No	Yes	No	Yes
HERPUD1	9709					2	No	No	No	No	No	No	Yes	No	Yes
HEY1	23462					2	No	No	No	No	No	No	Yes	No	Yes
HIP1	3092					2	No	No	No	No	No	No	Yes	No	Yes
HLA-C	3107	ENST00000376228	NM_002117.5	ENST00000376228	NM_002117.5	2	Yes	No	Yes	Yes	No	No	No	No	No
HLF	3131					2	No	No	No	No	No	No	Yes	No	Yes
HMGA1	3159					2	No	No	No	No	No	No	Yes	No	Yes
HMGA2	8091					2	No	No	No	No	No	No	Yes	No	Yes
HOXA11	3207					2	No	No	No	No	No	No	Yes	No	Yes
HOXA13	3209					2	No	No	No	No	No	No	Yes	No	Yes
HOXA9	3205					2	No	No	No	No	No	No	Yes	No	Yes
HOXC11	3227					2	No	No	No	No	No	No	Yes	No	Yes
HOXC13	3229					2	No	No	No	No	No	No	Yes	No	Yes
HOXD11	3237					2	No	No	No	No	No	No	Yes	No	Yes
HOXD13	3239					2	No	No	No	No	No	No	Yes	No	Yes
HSP90AA1	3320					2	No	No	No	No	No	No	Yes	No	Yes
HSP90AB1	3326					2	No	No	No	No	No	No	Yes	No	Yes
IGH	3492					2	No	No	No	No	No	No	Yes	No	Yes
IGK	50802					2	No	No	No	No	No	No	Yes	No	Yes
IGL	3535					2	No	No	No	No	No	No	Yes	No	Yes
IL21R	50615					2	No	No	No	No	No	No	Yes	No	Yes
IL3	3562	ENST00000296870	NM_000588.3	ENST00000296870	NM_000588.3	2	Yes	Yes	No	No	No	No	Yes	No	No
ITK	3702					2	No	No	No	No	No	No	Yes	No	Yes
KBTBD4	55709	ENST00000395288	NM_016506.5	ENST00000395288	NM_016506.5	2	Yes	No	No	Yes	No	No	No	No	No
KDSR	2531					2	No	No	No	No	No	No	Yes	No	Yes
KIF5B	3799					2	No	No	No	No	No	No	Yes	No	Yes
KLF5	688	ENST00000377687	NM_001730.4	ENST00000377687	NM_001730.4	2	Yes	Yes	No	Yes	No	No	No	No	No
KLHL6	89857					2	No	No	No	No	No	Yes	Yes	No	No
KSR2	283455	ENST00000339824		ENST00000339824		2	Yes	Yes	No	No	Yes	No	No	No	No
LASP1	3927					2	No	No	No	No	No	No	Yes	No	Yes
LEF1	51176					2	No	No	No	No	No	No	Yes	No	Yes
LPP	4026					2	No	No	No	No	No	No	Yes	No	Yes
LRP1B	53353					2	No	No	No	No	No	No	Yes	No	Yes
LTB	4050	ENST00000376117	NM_002341.1	ENST00000376117	NM_002341.1	2	Yes	Yes	Yes	No	Yes	No	No	No	No
LYL1	4066					2	No	No	No	No	No	No	Yes	No	Yes
MAD2L2	10459	ENST00000235310	NM_001127325.1	ENST00000235310	NM_001127325.1	2	Yes	Yes	Yes	Yes	No	No	No	No	No
MGAM	8972	ENST00000549489	NM_004668.2	ENST00000549489	NM_004668.2	2	Yes	Yes	No	No	Yes	No	No	No	No
MLF1	4291					2	No	No	No	No	No	No	Yes	No	Yes
MLLT3	4300					2	No	No	No	No	No	No	Yes	No	Yes
MLLT6	4302					2	No	No	No	No	No	No	Yes	No	Yes
MN1	4330					2	No	No	No	No	No	No	Yes	No	Yes
MOB3B	79817	ENST00000262244	NM_024761.4	ENST00000262244	NM_024761.4	2	Yes	No	Yes	No	Yes	No	No	No	No
MPEG1	219972	ENST00000361050	NM_001039396.1	ENST00000361050	NM_001039396.1	2	Yes	No	No	No	Yes	No	No	No	No
MRTFA	57591					2	No	No	No	No	No	No	Yes	No	Yes
MSN	4478					2	No	No	No	No	No	No	Yes	No	Yes
MUC1	4582					2	No	No	No	No	No	No	Yes	No	Yes
MYH11	4629					2	No	No	No	No	No	No	Yes	No	Yes
MYH9	4627					2	No	No	No	No	No	No	Yes	No	Yes
NADK	65220	ENST00000341426	NM_001198993.1	ENST00000341426	NM_001198993.1	2	Yes	Yes	No	Yes	No	No	No	No	No
NCOA2	10499					2	No	No	No	No	No	No	Yes	No	Yes
NDRG1	10397					2	No	No	No	No	No	No	Yes	No	Yes
NFE2	4778	ENST00000312156	NM_001136023.2	ENST00000312156	NM_001136023.2	2	Yes	Yes	No	No	Yes	No	No	No	No
NFKB2	4791					2	No	No	No	No	No	No	Yes	No	Yes
NIN	51199					2	No	No	No	No	No	No	Yes	No	Yes
NRG1	3084	ENST00000405005	NM_013964.3	ENST00000405005	NM_013964.3	2	Yes	Yes	No	No	No	No	No	No	Yes
NUMA1	4926					2	No	No	No	No	No	No	Yes	No	Yes
NUP214	8021					2	No	No	No	No	No	No	Yes	No	Yes
NUTM2A	728118					2	No	No	No	No	No	No	Yes	No	Yes
PAFAH1B2	5049					2	No	No	No	No	No	No	Yes	No	Yes
PAX3	5077					2	No	No	No	No	No	No	Yes	No	Yes
PAX7	5081					2	No	No	No	No	No	No	Yes	No	Yes
PAX8	7849	ENST00000263334	NM_003466.3	ENST00000348715	NM_003466.3	2	Yes	Yes	No	No	No	No	No	No	Yes
PBX1	5087					2	No	No	No	No	No	No	Yes	No	Yes
PCM1	5108					2	No	No	No	No	No	No	Yes	No	Yes
PDE4DIP	9659					2	No	No	No	No	No	No	Yes	No	Yes
PDK1	5163					2	No	No	No	No	No	Yes	Yes	No	No
PDS5B	23047	ENST00000315596	NM_015032.3	ENST00000315596	NM_015032.3	2	Yes	No	Yes	No	Yes	No	No	No	No
PER1	5187					2	No	No	No	No	No	No	Yes	No	Yes
PGBD5	79605	ENST00000525115	NM_001258311.1	ENST00000525115	NM_001258311.1	2	Yes	Yes	No	Yes	No	No	No	No	No
PICALM	8301					2	No	No	No	No	No	No	Yes	No	Yes
PIGA	5277	ENST00000333590	NM_002641.3	ENST00000333590	NM_002641.3	2	Yes	No	Yes	No	Yes	No	No	No	No
PLAG1	5324					2	No	No	No	No	No	No	Yes	No	Yes
PML	5371					2	No	No	No	No	No	No	Yes	No	Yes
POU2AF1	5450					2	No	No	No	No	No	No	Yes	No	Yes
PPP2R2A	5520	ENST00000380737	NM_002717.3	ENST00000380737	NM_002717.3	2	Yes	No	Yes	No	No	Yes	No	No	No
PRDM16	63976					2	No	No	No	No	No	No	Yes	No	Yes
PRKACA	5566	ENST00000308677	NM_002730.3	ENST00000308677	NM_002730.3	2	Yes	Yes	No	No	No	No	No	No	Yes
PRRX1	5396					2	No	No	No	No	No	No	Yes	No	Yes
PSIP1	11168					2	No	No	No	No	No	No	Yes	No	Yes
PTPN1	5770	ENST00000371621	NM_001278618.1	ENST00000371621	NM_001278618.1	2	Yes	Yes	Yes	No	Yes	No	No	No	No
PTPRO	5800					2	No	No	No	No	No	Yes	Yes	No	No
QKI	9444					2	No	No	No	No	No	Yes	No	No	Yes
RABEP1	9135					2	No	No	No	No	No	No	Yes	No	Yes
RAP1GDS1	5910					2	No	No	No	No	No	No	Yes	No	Yes
RELN	5649	ENST00000428762	NM_005045.3	ENST00000428762	NM_005045.3	2	Yes	No	No	No	No	No	Yes	No	No
REST	5978	ENST00000309042	NM_001193508.1	ENST00000309042	NM_001193508.1	2	Yes	No	Yes	Yes	No	No	No	No	No
RHOH	399					2	No	No	No	No	No	No	Yes	No	Yes
RNF213	57674					2	No	No	No	No	No	No	Yes	No	Yes
ROBO1	6091	ENST00000464233	NM_002941.3	ENST00000464233	NM_002941.3	2	Yes	No	Yes	No	Yes	No	No	No	No
RPL22	6146					2	No	No	No	No	No	No	Yes	No	Yes
RPN1	6184					2	No	No	No	No	No	No	Yes	No	Yes
RSPO2	340419					2	No	No	No	No	No	Yes	No	No	Yes
SAMHD1	25939	ENST00000262878	NM_015474.3	ENST00000646673	NM_015474.3	2	Yes	No	Yes	No	Yes	No	No	No	No
SCG5	6447	ENST00000300175	NM_001144757.1	ENST00000300175	NM_001144757.1	2	Yes	Yes	No	Yes	No	No	No	No	No
SDC4	6385					2	No	No	No	No	No	Yes	No	No	Yes
SERPINB3	6317	ENST00000283752	NM_006919.2	ENST00000283752	NM_006919.2	2	Yes	Yes	Yes	Yes	No	No	No	No	No
SERPINB4	6318	ENST00000341074	NM_002974.3	ENST00000341074	NM_002974.3	2	Yes	No	No	Yes	No	No	No	No	No
SET	6418					2	No	No	No	No	No	No	Yes	No	Yes
SETD1A	9739	ENST00000262519	NM_014712.2	ENST00000262519	NM_014712.2	2	Yes	Yes	No	No	Yes	No	No	No	No
SETD1B	23067	ENST00000604567	XM_005253858.3	ENST00000604567	XM_005253858.3	2	Yes	No	No	No	Yes	No	No	No	No
SETD3	84193	ENST00000331768	NM_032233.2	ENST00000331768	NM_032233.2	2	Yes	No	No	No	Yes	No	No	No	No
SETD4	54093	ENST00000332131	NM_017438.4	ENST00000332131	NM_017438.4	2	Yes	No	No	No	Yes	No	No	No	No
SETD5	55209	ENST00000402198	NM_001080517.2	ENST00000402198	NM_001080517.2	2	Yes	No	No	No	Yes	No	No	No	No
SETD6	79918	ENST00000219315	NM_001160305.1	ENST00000219315	NM_001160305.1	2	Yes	No	No	No	Yes	No	No	No	No
SETD7	80854	ENST00000274031	NM_001306199.1	ENST00000274031	NM_001306199.1	2	Yes	No	No	No	Yes	No	No	No	No
SETDB2	83852	ENST00000354234	NM_031915.2	ENST00000317257	NM_031915.2	2	Yes	No	Yes	No	Yes	No	No	No	No
SH3GL1	6455					2	No	No	No	No	No	No	Yes	No	Yes
SLC34A2	10568					2	No	No	No	No	No	Yes	No	No	Yes
SLFN11	91607	ENST00000308377	NM_001104587.1	ENST00000308377	NM_001104587.1	2	Yes	No	Yes	Yes	No	No	No	No	No
SMARCA2	6595	ENST00000349721	NM_001289396.1	ENST00000349721	NM_001289396.1	2	Yes	No	Yes	Yes	No	No	No	No	No
SMG1	23049	ENST00000446231	NM_015092.4	ENST00000446231	NM_015092.4	2	Yes	No	Yes	No	Yes	No	No	No	No
SOCS3	9021	ENST00000330871	NM_003955.4	ENST00000330871	NM_003955.4	2	Yes	No	Yes	No	No	No	Yes	No	No
SP140	11262	ENST00000392045	NM_007237.4	ENST00000392045	NM_007237.4	2	Yes	No	Yes	No	Yes	No	No	No	No
SPRTN	83932	ENST00000295050	NM_032018.6	ENST00000295050	NM_032018.6	2	Yes	No	Yes	Yes	No	No	No	No	No
SRSF3	6428					2	No	No	No	No	No	No	Yes	No	Yes
SSX1	6756					2	No	No	No	No	No	No	Yes	No	Yes
SSX2	6757					2	No	No	No	No	No	No	Yes	No	Yes
SSX4	6759					2	No	No	No	No	No	No	Yes	No	Yes
STAG1	10274	ENST00000383202	NM_005862.2	ENST00000383202	NM_005862.2	2	Yes	No	Yes	No	Yes	No	No	No	No
TAF15	8148					2	No	No	No	No	No	No	Yes	No	Yes
TAL2	6887					2	No	No	No	No	No	No	Yes	No	Yes
TET3	200424	ENST00000409262	NM_144993	ENST00000409262	NM_144993	2	Yes	No	Yes	No	Yes	No	No	No	No
TFG	10342					2	No	No	No	No	No	No	Yes	No	Yes
TNFRSF17	608					2	No	No	No	No	No	No	Yes	No	Yes
TPM3	7170					2	No	No	No	No	No	No	Yes	No	Yes
TPM4	7171					2	No	No	No	No	No	No	Yes	No	Yes
TRA	6955					2	Yes	Yes	No	No	No	No	No	No	Yes
TRB	6957					2	Yes	Yes	No	No	No	No	No	No	Yes
TRD	6964					2	Yes	Yes	No	No	No	No	No	No	Yes
TRG	6965					2	Yes	Yes	No	No	No	No	Yes	No	No
TRIM24	8805					2	No	No	No	No	No	No	Yes	No	Yes
TRIP11	9321					2	No	No	No	No	No	No	Yes	No	Yes
TRIP13	9319	ENST00000166345	NM_004237.3	ENST00000166345	NM_004237.3	2	Yes	Yes	Yes	Yes	No	No	No	No	No
USP6	9098					2	No	No	No	No	No	No	Yes	No	Yes
VAV1	7409	ENST00000602142	NM_005428.3	ENST00000602142	NM_005428.3	2	Yes	Yes	No	No	Yes	No	No	No	No
VAV2	7410	ENST00000371850	NM_001134398.1	ENST00000371850	NM_001134398.1	2	Yes	Yes	No	No	Yes	No	No	No	No
WIF1	11197	ENST00000286574	NM_007191.4	ENST00000286574	NM_007191.4	2	Yes	No	Yes	No	No	No	No	No	Yes
ZBTB16	7704					2	No	No	No	No	No	No	Yes	No	Yes
ZMYM2	7750					2	No	No	No	No	No	No	Yes	No	Yes
ZNF217	7764					2	No	No	No	No	No	Yes	Yes	No	No
ZNF384	171017					2	No	No	No	No	No	No	Yes	No	Yes
ZNF521	25925					2	No	No	No	No	No	No	Yes	No	Yes
ZNF703	80139					2	No	No	No	No	No	Yes	Yes	No	No
ZNRF3	84133	ENST00000544604	NM_001206998.1	ENST00000544604	NM_001206998.1	2	Yes	No	Yes	Yes	No	No	No	No	No
ACKR3	57007					1	No	No	No	No	No	No	No	No	Yes
ACSL3	2181					1	No	No	No	No	No	No	No	No	Yes
ACSL6	23305					1	No	No	No	No	No	No	Yes	No	No
ACTB	60					1	No	No	No	No	No	No	Yes	No	No
ACVR2A	92					1	No	No	No	No	No	No	No	No	Yes
ADGRA2	25960					1	No	No	No	No	No	No	Yes	No	No
AFF3	3899					1	No	No	No	No	No	No	No	No	Yes
AJUBA	84962	ENST00000262713	NM_032876.5	ENST00000262713	NM_032876.5	1	Yes	No	Yes	No	No	No	No	No	No
APH1A	51107					1	No	No	No	No	No	No	Yes	No	No
APOBEC3B	9582					1	No	No	No	No	No	No	No	No	Yes
ASMTL	8623					1	No	No	No	No	No	No	Yes	No	No
ASPSCR1	79058					1	No	No	No	No	No	No	No	No	Yes
ATG5	9474					1	No	No	No	No	No	No	Yes	No	No
ATP1A1	476					1	No	No	No	No	No	No	No	No	Yes
ATP2B3	492					1	No	No	No	No	No	No	No	No	Yes
BAX	581					1	No	No	No	No	No	No	No	No	Yes
BCL9L	283149					1	No	No	No	No	No	No	No	No	Yes
BRD3	8019					1	No	No	No	No	No	No	No	No	Yes
BRSK1	84446					1	No	No	No	No	No	No	Yes	No	No
BTLA	151888					1	No	No	No	No	No	No	Yes	No	No
BUB1B	701					1	No	No	No	No	No	No	No	No	Yes
CACNA1D	776					1	No	No	No	No	No	No	No	No	Yes
CAD	790					1	No	No	No	No	No	No	Yes	No	No
CANT1	124583					1	No	No	No	No	No	No	No	No	Yes
CBLB	868					1	No	No	No	No	No	No	No	No	Yes
CBLC	23624					1	No	No	No	No	No	No	No	No	Yes
CCDC6	8030					1	No	No	No	No	No	No	No	No	Yes
CCN6	8838					1	No	No	No	No	No	No	Yes	No	No
CCNB1IP1	57820					1	No	No	No	No	No	No	No	No	Yes
CCNB3	85417	ENST00000276014	NM_033031.2	ENST00000276014	NM_033031.2	1	Yes	Yes	No	No	No	No	No	No	No
CCT6B	10693					1	No	No	No	No	No	No	Yes	No	No
CD36	948					1	No	No	No	No	No	No	Yes	No	No
CDH11	1009					1	No	No	No	No	No	No	No	No	Yes
CHCHD7	79145					1	No	No	No	No	No	No	No	No	Yes
CHD2	1106					1	No	No	No	No	No	No	Yes	No	No
CHD4	1108					1	No	No	No	No	No	No	No	No	Yes
CHIC2	26511					1	No	No	No	No	No	No	Yes	No	No
CHN1	1123					1	No	No	No	No	No	No	Yes	No	No
CILK1	22858					1	No	No	No	No	No	No	Yes	No	No
CKS1B	1163					1	No	No	No	No	No	No	Yes	No	No
CLIP1	6249					1	No	No	No	No	No	No	No	No	Yes
CLP1	10978					1	No	No	No	No	No	No	Yes	No	No
CNBP	7555					1	No	No	No	No	No	No	No	No	Yes
CNOT3	4849					1	No	No	No	No	No	No	No	No	Yes
COL2A1	1280					1	No	No	No	No	No	No	No	No	Yes
CPS1	1373					1	No	No	No	No	No	No	Yes	No	No
CRTC1	23373					1	No	No	No	No	No	No	No	No	Yes
CRTC3	64784					1	No	No	No	No	No	No	No	No	Yes
CSF1	1435					1	No	No	No	No	No	No	Yes	No	No
CUL4A	8451					1	No	No	No	No	No	Yes	No	No	No
CYP17A1	1586					1	No	No	No	No	No	Yes	No	No	No
DAZAP1	26528	ENST00000233078	NM_018959.3	ENST00000233078	NM_018959.3	1	Yes	No	No	No	No	No	No	No	No
DCTN1	1639					1	No	No	No	No	No	No	No	No	Yes
DDB2	1643					1	No	No	No	No	No	No	No	No	Yes
DDR1	780					1	No	No	No	No	No	Yes	No	No	No
DDX4	54514	ENST00000505374	NM_024415.2	ENST00000505374	NM_024415.2	1	Yes	Yes	No	No	No	No	No	No	No
DDX41	51428	ENST00000507955	NM_016222.2	ENST00000330503	NM_016222.2	1	Yes	No	Yes	No	No	No	No	No	No
DDX5	1655					1	No	No	No	No	No	No	No	No	Yes
DKK1	22943	ENST00000373970	NM_012242.2	ENST00000373970	NM_012242.2	1	Yes	No	No	No	No	No	No	No	No
DKK2	27123	ENST00000285311	NM_014421.2	ENST00000285311	NM_014421.2	1	Yes	No	No	No	No	No	No	No	No
DKK3	27122	ENST00000326932	NM_001018057.1	ENST00000326932	NM_001018057.1	1	Yes	No	No	No	No	No	No	No	No
DKK4	27121	ENST00000220812	NM_014420.2	ENST00000220812	NM_014420.2	1	Yes	No	No	No	No	No	No	No	No
DUSP2	1844					1	No	No	No	No	No	No	Yes	No	No
DUSP9	1852					1	No	No	No	No	No	No	Yes	No	No
EIF3E	3646					1	No	No	No	No	No	No	No	No	Yes
ELK4	2005					1	No	No	No	No	No	No	No	No	Yes
ELN	2006					1	No	No	No	No	No	No	Yes	No	No
ELP2	55250					1	No	No	No	No	No	No	Yes	No	No
EPHB4	2050					1	No	No	No	No	No	Yes	No	No	No
ERC1	23085					1	No	No	No	No	No	No	No	No	Yes
ETS1	2113					1	No	No	No	No	No	No	Yes	No	No
EXOSC6	118460					1	No	No	No	No	No	No	Yes	No	No
EXT1	2131					1	No	No	No	No	No	No	No	No	Yes
EXT2	2132					1	No	No	No	No	No	No	No	No	Yes
FAF1	11124					1	No	No	No	No	No	No	Yes	No	No
FAT4	79633					1	No	No	No	No	No	No	No	No	Yes
FBXO31	79791					1	No	No	No	No	No	No	Yes	No	No
FES	2242					1	No	No	No	No	No	No	No	No	Yes
FGF12	2257					1	No	No	No	No	No	Yes	No	No	No
FIP1L1	81608					1	No	No	No	No	No	No	No	No	Yes
FLYWCH1	84256					1	No	No	No	No	No	No	Yes	No	No
FNBP1	23048					1	No	No	No	No	No	No	Yes	No	No
FRS2	10818					1	No	No	No	No	No	No	Yes	No	No
GABRA6	2559					1	No	No	No	No	No	Yes	No	No	No
GADD45B	4616					1	No	No	No	No	No	No	Yes	No	No
GATA4	2626					1	No	No	No	No	No	Yes	No	No	No
GATA6	2627					1	No	No	No	No	No	Yes	No	No	No
GMPS	8833					1	No	No	No	No	No	No	Yes	No	No
GOLGA5	9950					1	No	No	No	No	No	No	No	No	Yes
GOPC	57120					1	No	No	No	No	No	No	No	No	Yes
GPC3	2719					1	No	No	No	No	No	No	No	No	Yes
GRM3	2913					1	No	No	No	No	No	Yes	No	No	No
GTSE1	51512					1	No	No	No	No	No	No	Yes	No	No
H3C15	333932	ENST00000331491	NM_001005464.2	ENST00000331491	NM_001005464.2	1	Yes	No	No	No	No	No	No	No	No
H3P6	440926	ENST00000316450	null	ENST00000369387	null	1	Yes	No	No	No	No	No	No	No	No
HIRA	7290					1	No	No	No	No	Yes	No	No	No	No
HNRNPA2B1	3181					1	No	No	No	No	No	No	No	No	Yes
HOOK3	84376					1	No	No	No	No	No	No	No	No	Yes
HOXA3	3200					1	No	No	No	No	No	No	Yes	No	No
HSD3B1	3283					1	No	No	No	No	No	Yes	No	No	No
IKBKB	3551					1	No	No	No	No	No	No	No	No	Yes
IKZF2	22807					1	No	No	No	No	No	No	Yes	No	No
IL2	3558					1	No	No	No	No	No	No	No	No	Yes
IL6ST	3572					1	No	No	No	No	No	No	No	No	Yes
INPP5D	3635					1	No	No	No	No	No	No	Yes	No	No
IRF2	3660					1	No	No	No	No	No	Yes	No	No	No
IRS4	8471					1	No	No	No	No	No	No	No	No	Yes
JAZF1	221895					1	No	No	No	No	No	No	Yes	No	No
KAT6B	23522					1	No	No	No	No	No	No	No	No	Yes
KCNJ5	3762					1	No	No	No	No	No	No	No	No	Yes
KDM2B	84678					1	No	No	No	No	No	No	Yes	No	No
KDM4C	23081					1	No	No	No	No	No	No	Yes	No	No
KEL	3792					1	No	No	No	No	No	Yes	No	No	No
KLF2	10365	ENST00000248071	NM_016270.2	ENST00000248071	NM_016270.2	1	Yes	No	Yes	No	No	No	No	No	No
KLF3	51274	ENST00000261438	NM_016531.5	ENST00000261438	NM_016531.5	1	Yes	No	Yes	No	No	No	No	No	No
KLF6	1316					1	No	No	No	No	No	No	No	No	Yes
KLK2	3817					1	No	No	No	No	No	No	No	No	Yes
KNL1	57082					1	No	No	No	No	No	No	No	No	Yes
KTN1	3895					1	No	No	No	No	No	No	No	No	Yes
LARP4B	23185	ENST00000316157	NM_015155.2	ENST00000316157	NM_015155.2	1	Yes	No	No	No	No	No	No	No	No
LCP1	3936					1	No	No	No	No	No	No	Yes	No	No
LIFR	3977					1	No	No	No	No	No	No	No	No	Yes
LMNA	4000					1	No	No	No	No	No	No	No	No	Yes
LRIG3	121227					1	No	No	No	No	No	No	No	No	Yes
LRP5	4041	ENST00000294304	NM_001291902.1	ENST00000294304	NM_001291902.1	1	Yes	Yes	Yes	No	No	No	No	No	No
LRP6	4040	ENST00000261349	NM_002336.2	ENST00000261349	NM_002336.2	1	Yes	Yes	No	No	No	No	No	No	No
LRRK2	120892					1	No	No	No	No	No	No	Yes	No	No
LTK	4058					1	No	No	No	No	No	Yes	No	No	No
MAGED1	9500					1	No	No	No	No	No	No	Yes	No	No
MAML2	84441					1	No	No	No	No	No	No	No	No	Yes
MAP3K6	9064					1	No	No	No	No	No	No	Yes	No	No
MAP3K7	6885					1	No	No	No	No	No	No	Yes	No	No
MBD6	114785	ENST00000355673	NM_052897.3	ENST00000355673	NM_052897.3	1	Yes	No	Yes	No	No	No	No	No	No
MDS2	259283					1	No	No	No	No	No	No	Yes	No	No
MEF2C	4208					1	No	No	No	No	No	No	Yes	No	No
MEF2D	4209	ENST00000348159	NM_005920.3	ENST00000348159	NM_005920.3	1	Yes	Yes	No	No	No	No	No	No	No
MERTK	10461					1	No	No	No	No	No	Yes	No	No	No
MIB1	57534					1	No	No	No	No	No	No	Yes	No	No
MIDEAS	91748	ENST00000286523	NM_001043318.2	ENST00000286523	NM_001043318.2	1	Yes	No	Yes	No	No	No	No	No	No
MKI67	4288					1	No	No	No	No	No	No	Yes	No	No
MKNK1	8569					1	No	No	No	No	No	Yes	No	No	No
MLLT11	10962					1	No	No	No	No	No	No	No	No	Yes
MNX1	3110					1	No	No	No	No	No	No	Yes	No	No
MTCP1	4515					1	No	No	No	No	No	No	No	No	Yes
MYO18A	399687					1	No	No	No	No	No	No	Yes	No	No
MYO5A	4644					1	No	No	No	No	No	No	No	No	Yes
NAB2	4665					1	No	No	No	No	No	No	No	No	Yes
NACA	4666					1	No	No	No	No	No	No	Yes	No	No
NBEAP1	606					1	No	No	No	No	No	No	Yes	No	No
NCOA1	8648					1	No	No	No	No	No	No	No	No	Yes
NCOA4	8031					1	No	No	No	No	No	No	No	No	Yes
NFATC2	4773					1	No	No	No	No	No	No	No	No	Yes
NFIB	4781					1	No	No	No	No	No	No	No	No	Yes
NFKBIE	4794					1	No	No	No	No	No	No	No	No	Yes
NOD1	10392					1	No	No	No	No	No	No	Yes	No	No
NONO	4841					1	No	No	No	No	No	No	No	No	Yes
NUTM2B	729262					1	No	No	No	No	No	No	No	No	Yes
OLIG2	10215					1	No	No	No	No	No	No	No	No	Yes
OMD	4958					1	No	No	No	No	No	No	Yes	No	No
PAG1	55824					1	No	No	No	No	No	No	Yes	No	No
PAK3	5063					1	No	No	No	No	No	No	Yes	No	No
PARP2	10038					1	No	No	No	No	No	Yes	No	No	No
PARP3	10039					1	No	No	No	No	No	Yes	No	No	No
PASK	23178					1	No	No	No	No	No	No	Yes	No	No
PATZ1	23598					1	No	No	No	No	No	No	No	No	Yes
PC	5091					1	No	No	No	No	No	No	Yes	No	No
PCLO	27445					1	No	No	No	No	No	No	Yes	No	No
PCSK7	9159					1	No	No	No	No	No	No	Yes	No	No
PDCD11	22984					1	No	No	No	No	No	No	Yes	No	No
PHF1	5252					1	No	No	No	No	No	No	Yes	No	No
PIK3C2B	5287					1	No	No	No	No	No	Yes	No	No	No
POLQ	10721					1	No	No	No	No	No	No	No	No	Yes
POU5F1	5460					1	No	No	No	No	No	No	No	No	Yes
PPFIBP1	8496					1	No	No	No	No	No	No	No	No	Yes
PPP1CB	5500					1	No	No	No	No	No	No	Yes	No	No
PRCC	5546					1	No	No	No	No	No	No	No	No	Yes
PRF1	5551					1	No	No	No	No	No	No	No	No	Yes
PRKDC	5591					1	No	No	No	No	No	No	Yes	No	No
PRSS1	5644	ENST00000311737	NM_002769.4	ENST00000311737	NM_002769.4	1	Yes	No	No	No	No	No	No	No	No
PRSS8	5652					1	No	No	No	No	No	No	Yes	No	No
PTK6	5753					1	No	No	No	No	No	No	No	No	Yes
PTK7	5754					1	No	No	No	No	No	No	Yes	No	No
PTPN13	5783					1	No	No	No	No	No	No	No	No	Yes
PTPN6	5777					1	No	No	No	No	No	No	Yes	No	No
PTPRB	5787					1	No	No	No	No	No	No	No	No	Yes
PTPRC	5788					1	No	No	No	No	No	No	No	No	Yes
PTPRK	5796					1	No	No	No	No	No	No	No	No	Yes
RALGDS	5900					1	No	No	No	No	No	No	Yes	No	No
RANBP2	5903					1	No	No	No	No	No	No	No	No	Yes
RASGEF1A	221002					1	No	No	No	No	No	No	Yes	No	No
RMI2	116028					1	No	No	No	No	No	No	No	No	Yes
RNF217-AS1	7955					1	No	No	No	No	No	No	Yes	No	No
RPL10	6134					1	No	No	No	No	No	No	No	No	Yes
RPL5	6125					1	No	No	No	No	No	No	No	No	Yes
RSPO3	84870					1	No	No	No	No	No	No	No	No	Yes
RUNX2	860					1	No	No	No	No	No	No	Yes	No	No
S1PR2	9294					1	No	No	No	No	No	No	Yes	No	No
SALL4	57167					1	No	No	No	No	No	No	No	No	Yes
SBDS	51119					1	No	No	No	No	No	No	No	No	Yes
SEC31A	22872					1	No	No	No	No	No	No	Yes	No	No
SEPTIN5	5413					1	No	No	No	No	No	No	Yes	No	No
SEPTIN6	23157					1	No	No	No	No	No	No	Yes	No	No
SEPTIN9	10801					1	No	No	No	No	No	No	Yes	No	No
SERP2	387923					1	No	No	No	No	No	No	Yes	No	No
SFPQ	6421					1	No	No	No	No	No	No	No	No	Yes
SFRP1	6422	ENST00000220772	NM_003012.4	ENST00000220772	NM_003012.4	1	Yes	No	Yes	No	No	No	No	No	No
SFRP2	6423	ENST00000274063	NM_003013.2	ENST00000274063	NM_003013.2	1	Yes	Yes	Yes	No	No	No	No	No	No
SFRP4	6424					1	No	No	No	No	No	No	No	No	Yes
SIX1	6495					1	No	No	No	No	No	No	No	No	Yes
SLC1A2	6506					1	No	No	No	No	No	No	Yes	No	No
SLC45A3	85414					1	No	No	No	No	No	No	No	No	Yes
SMARCA1	6594					1	No	No	No	No	No	No	Yes	No	No
SNCAIP	9627					1	No	No	No	No	No	Yes	No	No	No
SND1	27044					1	No	No	No	No	No	No	No	No	Yes
SNX29	92017					1	No	No	No	No	No	No	Yes	No	No
SOCS2	8835					1	No	No	No	No	No	No	Yes	No	No
SOX10	6663					1	No	No	No	No	No	No	Yes	No	No
SS18L1	26039					1	No	No	No	No	No	No	No	No	Yes
STAT1	6772	ENST00000361099	NM_007315.3	ENST00000361099	NM_007315.3	1	Yes	No	No	No	No	No	No	No	No
STAT2	6773	ENST00000314128	NM_005419.3	ENST00000314128	NM_005419.3	1	Yes	No	No	No	No	No	No	No	No
STAT4	6775					1	No	No	No	No	No	No	Yes	No	No
STIL	6491					1	No	No	No	No	No	No	No	No	Yes
STRN	6801					1	No	No	No	No	No	No	No	No	Yes
TAF1	6872					1	No	No	No	No	No	No	Yes	No	No
TCEA1	6917					1	No	No	No	No	No	No	No	No	Yes
TCF12	6938					1	No	No	No	No	No	No	No	No	Yes
TCL1B	9623	ENST00000340722	NM_004918.3	ENST00000340722	NM_004918.3	1	Yes	Yes	No	No	No	No	No	No	No
TEC	7006					1	No	No	No	No	No	No	Yes	No	No
TERC	7012					1	No	No	No	No	No	Yes	No	No	No
TFEB	7942					1	No	No	No	No	No	No	No	No	Yes
TFPT	29844					1	No	No	No	No	No	No	Yes	No	No
TFRC	7037					1	No	No	No	No	No	No	Yes	No	No
TIPARP	25976					1	No	No	No	No	No	Yes	No	No	No
TLE1	7088	ENST00000376499	NM_001303103.1	ENST00000376499	NM_001303103.1	1	Yes	No	No	No	No	No	No	No	No
TLE2	7089	ENST00000262953	NM_003260.4	ENST00000262953	NM_003260.4	1	Yes	No	No	No	No	No	No	No	No
TLE3	7090	ENST00000558939	NM_005078.3	ENST00000558939	NM_005078.3	1	Yes	No	No	No	No	No	No	No	No
TLE4	7091	ENST00000376552	NM_007005.4	ENST00000376552	NM_007005.4	1	Yes	No	No	No	No	No	No	No	No
TLL2	7093					1	No	No	No	No	No	No	Yes	No	No
TMEM30A	55754					1	No	No	No	No	No	No	Yes	No	No
TMSB4XP8	7117					1	No	No	No	No	No	No	Yes	No	No
TNFRSF11A	8792					1	No	No	No	No	No	No	Yes	No	No
TPR	7175					1	No	No	No	No	No	No	No	No	Yes
TRIM27	5987					1	No	No	No	No	No	No	No	No	Yes
TRIM33	51592					1	No	No	No	No	No	No	No	No	Yes
TRRAP	8295					1	No	No	No	No	No	No	No	No	Yes
TTL	150465					1	No	No	No	No	No	No	Yes	No	No
TUSC3	7991					1	No	No	No	No	No	No	Yes	No	No
TYRO3	7301					1	No	No	No	No	No	Yes	No	No	No
WAS	7454					1	No	No	No	No	No	No	No	No	Yes
WDCP	80304					1	No	No	No	No	No	No	No	No	Yes
WDR90	197335					1	No	No	No	No	No	No	Yes	No	No
WRN	7486					1	No	No	No	No	No	No	No	No	Yes
XPA	7507					1	No	No	No	No	No	No	No	No	Yes
XPC	7508					1	No	No	No	No	No	No	No	No	Yes
YPEL5	51646					1	No	No	No	No	No	No	Yes	No	No
YWHAE	7531					1	No	No	No	No	No	No	No	No	Yes
YY1	7528	ENST00000262238	NM_003403.4	ENST00000262238	NM_003403.4	1	Yes	Yes	No	No	No	No	No	No	No
YY1AP1	55249					1	No	No	No	No	No	No	Yes	No	No
ZBTB20	26137	ENST00000474710	NM_001164342.2	ENST00000474710	NM_001164342.2	1	Yes	Yes	Yes	No	No	No	No	No	No
ZBTB7A	51341					1	No	No	No	No	Yes	No	No	No	No
ZFP36L1	677	ENST00000336440	NM_001244698.1	ENST00000336440	NM_001244698.1	1	Yes	No	Yes	No	No	No	No	No	No
ZMYM3	9203					1	No	No	No	No	No	No	Yes	No	No
ZNF24	7572					1	No	No	No	No	No	No	Yes	No	No
ZNF331	55422					1	No	No	No	No	No	No	No	No	Yes
ZNF750	79755	ENST00000269394	NM_024702.2	ENST00000269394	NM_024702.2	1	Yes	No	Yes	No	No	No	No	No	No
